local_timestamp,side,price,amount
1700000000000180925,sell,0.010999,1745.7188087693853
1700000000000200078,sell,0.011,533.5684395507463
1700000000000865504,sell,0.010999499999999999,3570.405612113962
1700000000000947454,buy,0.0110005,3237.4618955254537
1700000000001096097,buy,0.0110005,9177.435809272001
1700000000001146462,sell,0.010999499999999999,10430.64620315318
1700000000001254904,sell,0.011000499999999998,12952.401051599723
1700000000001434958,buy,0.0110005,1215.5603913880902
1700000000001541601,sell,0.010997999999999999,7931.407725099332
1700000000001650607,buy,0.011000999999999999,2646.9859937591345
1700000000001747578,buy,0.011,5596.760741184129
1700000000002048202,buy,0.010999,1996.675822094627
1700000000002399701,sell,0.010998999999999998,843.6175770324777
1700000000002425380,sell,0.010999999999999998,3256.6223067125775
1700000000002522065,buy,0.0110005,7461.7981521531465
1700000000002808645,sell,0.0109975,23191.000924144293
1700000000002999297,sell,0.0109985,7724.791280291122
1700000000003050705,buy,0.0110005,4099.674266721818
1700000000003064137,buy,0.0109995,20986.70601652765
1700000000003107500,sell,0.0109985,3434.225290592154
1700000000003164620,sell,0.0109985,29562.797820626944
1700000000003314730,sell,0.0109975,3576.577441048835
1700000000003941555,buy,0.011,12235.535801190355
1700000000004497258,sell,0.010998999999999998,3597.671788177825
1700000000004644262,buy,0.0110005,950.1942517078002
1700000000004687981,sell,0.0109975,12392.01613089189
1700000000005142887,buy,0.011,2970.666331694507
1700000000005387483,buy,0.011,3799.5623225741497
1700000000006434289,buy,0.011,3195.842379952397
1700000000006723605,buy,0.010998500000000001,16472.888008584756
1700000000007508461,sell,0.010999999999999998,10317.406513881235
1700000000007672339,sell,0.010999999999999998,6855.415825768668
1700000000007926483,buy,0.011,6072.858670154709
1700000000008668438,buy,0.010998,12368.272403977597
1700000000009271797,sell,0.010996500000000001,7371.2185178952195
1700000000009286400,buy,0.0109975,8926.227558622066
1700000000009569263,buy,0.0109975,10696.280695470114
1700000000009717858,sell,0.0109965,20082.590690732588
1700000000010136325,buy,0.010997499999999999,807.0968697104083
1700000000010723274,buy,0.0109965,890.5699559022718
1700000000010918837,buy,0.0109955,8613.969996929287
1700000000010947611,buy,0.0109965,10313.662704393175
1700000000010981866,sell,0.010996499999999998,11092.270635091369
1700000000011764352,buy,0.010996,2465.8556086592885
1700000000012128990,sell,0.010995,1443.862845484077
1700000000012199179,sell,0.010995,1029.5963584731417
1700000000012202479,sell,0.010995999999999999,1447.4764018180704
1700000000012442472,sell,0.010995999999999999,4897.598451806642
1700000000012685939,sell,0.0109945,3706.8063423870094
1700000000012838601,buy,0.0109955,373.5312215909944
1700000000012851847,sell,0.0109945,6161.168963055997
1700000000013028474,sell,0.010993000000000001,18188.69223958275
1700000000013682972,buy,0.0109945,1636.4805927803136
1700000000013701557,sell,0.0109935,290337.55333043286
1700000000013802570,buy,0.0109945,1728.6862265260638
1700000000014046133,buy,0.010994,11149.136004674787
1700000000014367683,sell,0.010993,1615.8467871080386
1700000000014429342,sell,0.010993,2362.0330029922875
1700000000014466645,sell,0.010993,2866.6922286513754
1700000000014801508,sell,0.0109935,16584.997783294777
1700000000015156761,sell,0.010992,3806.730287295056
1700000000015195123,sell,0.010993,10319.775931233708
1700000000015448111,buy,0.010993999999999999,2516.170952872628
1700000000015797824,sell,0.010992499999999999,6779.661050478731
1700000000015856540,sell,0.010992499999999999,647.8617956060848
1700000000015955417,buy,0.0109935,5117.060822538143
1700000000016488041,sell,0.0109915,11633.302079128971
1700000000017664384,sell,0.0109915,2043.0677931707298
1700000000017921049,sell,0.0109915,1950.5026501544514
1700000000018138846,buy,0.0109925,1280.2888423928118
1700000000018467418,buy,0.0109925,3433.1608063012445
1700000000018855056,buy,0.010993999999999999,2429.4320227848957
1700000000018985925,sell,0.010990999999999999,9558.387976793734
1700000000018994991,sell,0.010990999999999999,826.2275152800768
1700000000019315362,sell,0.0109915,14220.631259300126
1700000000019413402,buy,0.0109925,2082.1415614661883
1700000000019646978,buy,0.0109925,26285.039427222986
1700000000019766968,buy,0.010991500000000001,10621.292283224378
1700000000019947787,buy,0.0109925,3871.6570126629686
1700000000020546375,sell,0.0109915,5042.488363738873
1700000000021597889,sell,0.010990999999999999,11333.250953117602
1700000000022343183,sell,0.010991999999999998,689.9540340202486
1700000000022519901,sell,0.010990999999999999,2111.3489301951968
1700000000022755430,buy,0.010992,2238.293310942467
1700000000023228008,buy,0.0109925,4393.345593467384
1700000000023597155,sell,0.0109915,2436.8240077989744
1700000000023872855,buy,0.0109925,3432.136259437124
1700000000024072909,buy,0.010993,20815.330976384023
1700000000024136429,sell,0.01099,228.79950392229762
1700000000024336875,buy,0.010992,3689.7746399671073
1700000000024563633,buy,0.010993,5849.788212386989
1700000000024670469,sell,0.010991999999999998,5696.591560635006
1700000000024844843,sell,0.010991999999999998,6619.02570236704
1700000000025008493,sell,0.010992499999999999,1201.0933587016393
1700000000025112153,buy,0.0109935,1615.179710610287
1700000000025711286,buy,0.010992499999999999,25357.5493122236
1700000000025787216,buy,0.010993499999999998,14307.988868583836
1700000000025954618,buy,0.010992499999999999,6872.1727054152425
1700000000025977325,sell,0.010992499999999999,2062.179650144384
1700000000026349978,buy,0.010993,5350.227138604899
1700000000026372885,buy,0.010993,1780.8597186420898
1700000000026595486,sell,0.010993499999999998,291.70928707183583
1700000000027242674,buy,0.010993,2307.1267261466683
1700000000027347232,sell,0.010991999999999998,1333.2858258448816
1700000000027438393,sell,0.010992999999999998,5861.380548058869
1700000000027533634,sell,0.0109915,6379.153101204961
1700000000027558770,sell,0.0109915,533.3321155408122
1700000000028100777,buy,0.0109935,9923.153644332953
1700000000028465700,sell,0.010992499999999999,505.4929303732873
1700000000028956800,sell,0.010993999999999999,1400.4599173965398
1700000000029384227,buy,0.0109945,7827.960088321373
1700000000029439037,sell,0.010994499999999999,1694.3296600335757
1700000000029472731,sell,0.0109935,3934.686388970187
1700000000029535709,sell,0.010992,6691.472998846395
1700000000029577394,sell,0.010992,3032.442218492718
1700000000029929745,sell,0.010992,15962.396203931885
1700000000029982633,buy,0.010995,6496.380482233192
1700000000030265628,sell,0.0109935,5578.760631841637
1700000000030316668,buy,0.0109945,256.49254099128865
1700000000030336105,buy,0.010993500000000002,7207.229226471127
1700000000030407835,sell,0.010994499999999999,1217.5833227274525
1700000000030463845,buy,0.0109945,10784.681767373268
1700000000030672525,buy,0.010993000000000001,8206.821907736656
1700000000030673299,sell,0.010993,11869.57111257888
1700000000030843494,sell,0.010993,43374.76884957693
1700000000031434453,sell,0.0109925,3375.8416161854507
1700000000031636730,sell,0.010993499999999998,4590.227203115875
1700000000031855694,sell,0.010992499999999999,19194.59376957064
1700000000032012192,sell,0.0109915,6348.256632014368
1700000000032089798,buy,0.0109935,2717.0089821990177
1700000000032103034,buy,0.0109935,23551.382632416273
1700000000032283571,sell,0.0109915,1748.6300117178093
1700000000032451595,sell,0.010992499999999999,6896.248848943837
1700000000032520370,sell,0.0109915,2572.914716171426
1700000000032590141,buy,0.010992499999999999,612.3880626492632
1700000000032942821,buy,0.010993499999999998,2253.2252101435547
1700000000033323926,sell,0.010993499999999998,4060.960838178505
1700000000033475681,buy,0.0109935,2519.2402886591453
1700000000033933458,sell,0.010993999999999999,10653.784473210084
1700000000034707789,buy,0.010993,1527.982528087754
1700000000035069272,sell,0.010992499999999999,14654.69180753109
1700000000036138364,sell,0.0109915,1396.360982443155
1700000000036269374,buy,0.0109915,3097.549937877127
1700000000037492979,sell,0.010991999999999998,3336.8458847072193
1700000000037566111,sell,0.010991999999999998,6389.038635837227
1700000000038008237,sell,0.010990999999999999,4608.122514109325
1700000000038426230,buy,0.010993999999999999,5802.766957264645
1700000000038715591,buy,0.010993,2917.831852958369
1700000000040232985,buy,0.010993,6284.922105850026
1700000000040330623,sell,0.010991999999999998,1913.7492359477935
1700000000040476299,sell,0.010991999999999998,2189.9907850326476
1700000000040537250,buy,0.010992,5218.000169064836
1700000000040934369,buy,0.010992,13763.567858449618
1700000000041038875,sell,0.010992499999999999,1857.6821788029588
1700000000041305772,sell,0.010993499999999998,17034.004887849776
1700000000041570783,buy,0.010993,1648.7662461601858
1700000000041602237,buy,0.010993,15280.758506269534
1700000000041694472,sell,0.010992999999999998,17911.405037218454
1700000000041752645,buy,0.010993,12364.405365724559
1700000000041805323,sell,0.010991999999999998,1278.3763564716426
1700000000041805487,buy,0.010993,6432.364197265473
1700000000042250330,sell,0.010991999999999998,3559.372459882301
1700000000042416733,sell,0.010992999999999998,36363.59998107762
1700000000042485569,sell,0.010991999999999998,2010.647188707116
1700000000042706725,sell,0.0109905,4991.481988777903
1700000000043195346,sell,0.0109915,37411.636805002796
1700000000043469055,buy,0.010991500000000001,2905.2623416310726
1700000000043493070,buy,0.010991500000000001,12982.153977390337
1700000000043855747,sell,0.010992499999999999,5761.5493606469945
1700000000043989299,buy,0.010991500000000001,14012.155525023145
1700000000044036796,sell,0.010991999999999998,3170.2388971959062
1700000000044222678,sell,0.010992999999999998,2255.3412225663237
1700000000045109661,sell,0.0109915,6133.842541841413
1700000000045572173,sell,0.0109915,1249.3908571379236
1700000000045873836,buy,0.0109935,1683.8051904566369
1700000000046150460,buy,0.010994499999999999,10534.676296412123
1700000000046664409,buy,0.010993000000000001,8277.644984219185
1700000000046972279,buy,0.010994,6019.465395124439
1700000000047146309,sell,0.0109935,3228.8709059690837
1700000000047357306,sell,0.0109935,5398.870588836395
1700000000047543425,sell,0.010993999999999999,2067.143109647926
1700000000047799615,buy,0.010993000000000001,13305.493303056299
1700000000047811358,sell,0.010993999999999999,8941.260586441438
1700000000047904375,sell,0.010993,5343.392766363856
1700000000048040239,sell,0.010992499999999999,1338.954939723102
1700000000048437914,buy,0.0109935,9589.986968027075
1700000000048584137,sell,0.010993499999999998,2976.171259181492
1700000000048738495,sell,0.010992499999999999,5036.691353055758
1700000000048837460,buy,0.0109935,1426.2109412994853
1700000000048954766,buy,0.0109935,6764.061582482558
1700000000049093703,buy,0.010993,21442.327248436162
1700000000049206605,sell,0.010992999999999998,8216.118187564085
1700000000049288075,sell,0.010991999999999998,1478.3972181811482
1700000000049390239,sell,0.010991999999999998,6081.0962703836185
1700000000049833173,sell,0.01099,7413.013428311482
1700000000049870250,buy,0.010993,3993.4563855023143
1700000000050256381,sell,0.010990499999999999,2550.5171749773112
1700000000050259698,buy,0.0109915,3070.902538062629
1700000000050263389,sell,0.010990499999999999,3090.618308644099
1700000000050417757,sell,0.010991499999999998,6193.262512998103
1700000000050442448,buy,0.0109915,3759.983820324923
1700000000050664157,sell,0.010990499999999999,5955.026926241629
1700000000050914498,sell,0.010990499999999999,1917.061326694609
1700000000051058508,buy,0.0109915,2172.4266932170335
1700000000051318457,sell,0.010990499999999999,3305.8527941995562
1700000000051726279,sell,0.010991,1521.4693664490474
1700000000051832846,sell,0.010991,5471.521253555378
1700000000051833766,sell,0.010991,10208.016351191145
1700000000052117696,sell,0.010990999999999999,28614.382525147055
1700000000052131483,sell,0.010990999999999999,20903.44435091533
1700000000052315613,buy,0.010992,11675.757508655315
1700000000052503054,buy,0.010991999999999998,11702.485702893038
1700000000052604676,sell,0.01099,26930.94179934888
1700000000052711119,sell,0.01099,5260.6365550287455
1700000000053718191,sell,0.01099,1052.48693087746
1700000000054090166,sell,0.0109905,3548.849361197906
1700000000054774342,sell,0.010990999999999999,6798.730240258543
1700000000054880481,buy,0.010992,6653.582529371609
1700000000055328832,sell,0.0109905,4053.175687331682
1700000000055752827,sell,0.0109915,1574.0534392695893
1700000000055999861,sell,0.0109905,8011.958025841944
1700000000056029781,sell,0.010990999999999999,2435.0970394914316
1700000000056222306,sell,0.010990999999999999,1583.594680361416
1700000000056373891,sell,0.010990999999999999,9786.817503910317
1700000000057040009,sell,0.01099,6748.078105191274
1700000000057983921,buy,0.010991999999999998,10003.409684449403
1700000000058658976,sell,0.010989,2611.762290587262
1700000000058763758,sell,0.010989,7599.420793949839
1700000000058939322,sell,0.010989,4842.808122279153
1700000000059181585,sell,0.010990499999999999,4088.7959307665246
1700000000059290829,buy,0.0109905,5716.861205772881
1700000000059311201,sell,0.010990499999999999,4679.401538536799
1700000000059759631,buy,0.010991999999999998,2637.189235535035
1700000000059805281,sell,0.01099,5798.978312032804
1700000000060128851,buy,0.010992,1585.3071351534904
1700000000060377216,sell,0.010990999999999999,8056.0131270913325
1700000000060441331,buy,0.010992,3656.9327663513786
1700000000060606094,sell,0.010990499999999999,720.9016377703429
1700000000060668311,buy,0.0109915,10941.812566018363
1700000000060673177,buy,0.0109915,4824.399015685358
1700000000060725520,buy,0.0109915,3611.789221813007
1700000000060954135,buy,0.0109905,5636.604434432522
1700000000061078073,sell,0.01099,3218.484430892765
1700000000061367124,buy,0.010991999999999998,5436.410857145625
1700000000061599922,sell,0.010990499999999999,3942.3892799182245
1700000000061687956,sell,0.0109895,1331.9912757344189
1700000000061905261,sell,0.0109895,2921.64802333307
1700000000063100567,sell,0.010988999999999999,3908.97547129563
1700000000063197005,buy,0.010989,629.4162806553943
1700000000063404478,buy,0.010989,4531.669876547709
1700000000063713263,sell,0.010988499999999998,2423.0046616961017
1700000000064325437,sell,0.010987499999999999,3829.5059605850392
1700000000065356585,buy,0.0109875,8665.050412901783
1700000000065524412,sell,0.0109875,6932.498056390688
1700000000065625836,sell,0.0109875,2572.653711992375
1700000000065720581,sell,0.0109875,4060.9412099747874
1700000000065745621,sell,0.0109885,4422.85834921312
1700000000066101073,sell,0.010988,4177.807061455695
1700000000066446167,sell,0.010988,8301.431340743784
1700000000066876693,buy,0.010987499999999999,5869.979656832779
1700000000066920543,buy,0.010988499999999998,4481.671329314214
1700000000067296154,buy,0.010989,9615.69486317152
1700000000067348722,sell,0.010988,3513.5552946812877
1700000000067420692,buy,0.010988000000000001,1583.5933568613395
1700000000067846850,sell,0.010988499999999998,11411.250894702995
1700000000067892222,sell,0.010988499999999998,2752.1946954305104
1700000000067912069,sell,0.010988499999999998,18098.507361109863
1700000000068058994,sell,0.010988499999999998,7902.60282930033
1700000000068161655,buy,0.0109895,2385.497376734107
1700000000068774438,sell,0.010988,3764.250397292884
1700000000069682363,buy,0.010989,2423.7105453802496
1700000000069797222,buy,0.010989,8239.595944896166
1700000000070479886,buy,0.0109895,2769.77950536346
1700000000070520148,sell,0.0109875,25818.944770477785
1700000000070886358,sell,0.0109875,6759.060492465695
1700000000071540491,buy,0.0109875,7285.627545055986
1700000000071782075,buy,0.0109885,9233.20483586146
1700000000071890002,sell,0.010988499999999998,2287.415945213427
1700000000072046387,sell,0.010988,6311.118394761622
1700000000072171938,sell,0.010988,8838.383267395675
1700000000072754058,sell,0.010986000000000001,4756.935195121249
1700000000073388646,buy,0.010988999999999999,3652.553798270013
1700000000073568985,sell,0.010986999999999999,3720.492800250133
1700000000073593419,buy,0.010988,12600.358324773268
1700000000073755813,buy,0.010987,8630.17524037452
1700000000073909126,sell,0.010986999999999999,18478.133980630148
1700000000074272127,sell,0.010987499999999999,3721.5854540651503
1700000000074303153,buy,0.0109885,2562.9743468749207
1700000000074681147,sell,0.010988499999999998,13685.109761985776
1700000000074690139,sell,0.010987499999999999,985.3418022460593
1700000000075010315,sell,0.010987499999999999,738.223074958713
1700000000075061249,sell,0.010987499999999999,2425.0181963823643
1700000000075455132,sell,0.010987499999999999,3654.328843580169
1700000000075529027,sell,0.010986,2185.2437785995926
1700000000075538596,buy,0.010988999999999999,27305.768226233304
1700000000075689751,sell,0.010986,4224.980437365722
1700000000075696110,buy,0.010988,30651.3527846674
1700000000075824811,sell,0.010986,1589.1165251699524
1700000000075866668,sell,0.010986,3242.9975153904193
1700000000077272241,sell,0.0109865,8894.556289146327
1700000000077554091,sell,0.0109865,33401.20483836565
1700000000077628957,sell,0.010987499999999999,1972.0627408161613
1700000000077851186,sell,0.0109865,2137.0951254507986
1700000000077851643,buy,0.0109875,2375.5918738919627
1700000000078348343,sell,0.010986,2856.867520985271
1700000000078439196,sell,0.010985,14826.659341856071
1700000000078589552,sell,0.010985499999999999,1175.5389716649797
1700000000078775309,sell,0.010986499999999998,21616.314849968745
1700000000079056814,buy,0.0109875,2248.432368222284
1700000000079191240,sell,0.0109865,2693.8320575683256
1700000000079269408,sell,0.0109865,1365.9965550480238
1700000000079722798,buy,0.010986000000000001,2121.2807063800747
1700000000079902151,sell,0.010986999999999999,6645.051337321358
1700000000080055252,buy,0.0109855,5475.987047658571
1700000000080268038,buy,0.0109865,4423.585631760773
1700000000080468937,sell,0.010985499999999999,9358.255636118694
1700000000080589603,buy,0.010986999999999999,5989.563193645973
1700000000081352587,buy,0.010986500000000001,4323.8650943814955
1700000000081352722,sell,0.010987499999999999,2299.973438387259
1700000000081565836,buy,0.0109865,3636.9819194794236
1700000000081817475,buy,0.0109865,6243.673819146104
1700000000082027177,sell,0.010985,3368.0913784946606
1700000000082155428,buy,0.010986999999999999,7809.293426264654
1700000000082391243,buy,0.010986999999999999,6936.213401878697
1700000000082427559,sell,0.010986,2154.8928181368315
1700000000082936113,buy,0.010986999999999999,1085.827891236869
1700000000083091270,buy,0.0109855,8772.443797145852
1700000000083206190,sell,0.0109845,569.0566419004607
1700000000083449942,sell,0.0109845,4138.683226815838
1700000000084091250,sell,0.0109845,5681.138504248688
1700000000084238184,buy,0.0109865,1275.249474747583
1700000000084687424,sell,0.010985499999999999,6715.166199689731
1700000000084930589,buy,0.0109855,2127.067451988227
1700000000085674733,sell,0.0109845,1296.671002574736
1700000000085845647,sell,0.0109845,12374.993883538851
1700000000086052874,sell,0.010985,1615.432829089124
1700000000086190897,sell,0.010985,10994.974947441242
1700000000086313343,sell,0.010984,15831.438251467798
1700000000086370343,sell,0.010984,1108.5344770969757
1700000000086702517,buy,0.010985,10861.550877147862
1700000000086772811,buy,0.010985,10615.059981652292
1700000000087032647,sell,0.0109825,1989.6056136267953
1700000000087246915,buy,0.0109845,15151.372488356956
1700000000087394057,buy,0.010985499999999999,25919.826386253295
1700000000087658899,buy,0.010984,5450.576816852182
1700000000087737309,buy,0.010985,1407.6169472916345
1700000000087744392,buy,0.010985,5789.724315239177
1700000000088438469,buy,0.0109845,34057.212253914004
1700000000088484882,sell,0.010983499999999998,7232.9907211897425
1700000000088520838,sell,0.010983499999999998,5986.832706534114
1700000000088755631,buy,0.0109835,5868.142047860784
1700000000088758374,sell,0.010983499999999998,26628.087520460405
1700000000088865742,sell,0.010984499999999998,17595.129915875197
1700000000088900336,sell,0.010984499999999998,9804.024345606203
1700000000089113424,sell,0.0109825,38732.773182561934
1700000000089196323,buy,0.010985499999999999,28018.593678119272
1700000000089287027,buy,0.010985499999999999,5181.329672008462
1700000000089362985,sell,0.0109825,4589.814237958278
1700000000089808171,sell,0.010983,9984.966595777158
1700000000089889959,buy,0.010984999999999998,3355.785595315559
1700000000089963898,buy,0.010984999999999998,17774.248753217693
1700000000090526669,buy,0.010984,1112.5028425634166
1700000000090856821,buy,0.010984,18918.64934240962
1700000000090898297,buy,0.010984,20686.88204807115
1700000000090922871,sell,0.010983999999999999,15222.630544850315
1700000000090948333,sell,0.010983999999999999,2866.911129408272
1700000000091328840,buy,0.0109845,1901.0794518629286
1700000000091444775,buy,0.0109845,1910.7722229096967
1700000000091668752,sell,0.0109825,2366.662316766286
1700000000091850672,sell,0.0109825,1508.0907351439798
1700000000091893565,buy,0.010985499999999999,4020.1384698924385
1700000000092132784,buy,0.0109845,1335.3249274121602
1700000000092196334,sell,0.0109835,12745.841790756636
1700000000092240553,buy,0.0109835,3436.5609118523957
1700000000092333203,sell,0.010982500000000001,5627.796260646681
1700000000092521901,buy,0.010984,12464.314395187439
1700000000093394498,sell,0.010984999999999998,6497.295223394906
1700000000093653548,sell,0.010983999999999999,13145.425383560707
1700000000093825304,buy,0.010984,2693.5555128042456
1700000000094078825,sell,0.010984,4688.154021635678
1700000000094083598,buy,0.010985,26303.68818410348
1700000000094204394,buy,0.010986,2547.1021327057388
1700000000094338854,sell,0.010984,8077.563558183029
1700000000094341709,sell,0.010985,4167.611857562682
1700000000094661758,buy,0.010985,12434.05359875445
1700000000094739253,sell,0.010983999999999999,5803.991323379313
1700000000094766523,sell,0.010983999999999999,1045.2052306008973
1700000000095750557,sell,0.010983,5936.802530163887
1700000000095983339,buy,0.010986,23810.854244930302
1700000000096226388,sell,0.0109835,1099.0707610060483
1700000000096556343,buy,0.010985499999999999,1305.1272055083216
1700000000096799900,sell,0.0109835,6116.810612298714
1700000000097154984,sell,0.010984,1625.7884135710474
1700000000097234521,buy,0.010985,2184.882961148376
1700000000097244838,buy,0.010986,5958.163848818389
1700000000097281255,sell,0.010985,15501.250709472872
1700000000097322196,sell,0.010985,28510.41571827703
1700000000097326599,sell,0.010984,9339.948951296226
1700000000097487267,buy,0.010986,3585.7018030180757
1700000000098100191,sell,0.010986499999999998,8803.116583267909
1700000000098339432,buy,0.0109855,4792.4202685738055
1700000000098888503,buy,0.010987,917.8041924852979
1700000000098975622,sell,0.010986,2125.1924902894866
1700000000098994534,buy,0.010987,5469.992121877201
1700000000098995294,buy,0.010987,2003.41805879908
1700000000099231227,sell,0.010985499999999999,3944.2463242534454
1700000000099381662,sell,0.010985499999999999,3793.553505770657
1700000000099861965,buy,0.010988,5238.863612757946
1700000000100265689,buy,0.010987499999999999,2130.203373758443
1700000000100383923,sell,0.0109845,2789.1695757188813
1700000000100943019,sell,0.010986,287.8782339820647
1700000000101022375,sell,0.010986000000000001,5599.557135722041
1700000000101111499,buy,0.010988,3440.395022049678
1700000000101167498,buy,0.010987,5093.691447270819
1700000000101332393,buy,0.010988,11907.372573446371
1700000000101455221,sell,0.010987,3114.5526704360364
1700000000102008624,sell,0.010987499999999999,17436.33183892017
1700000000102121467,sell,0.010987499999999999,1930.4438076305507
1700000000102447579,buy,0.0109885,63564.19664300951
1700000000102653514,sell,0.010988499999999998,1319.9351757660131
1700000000102844289,buy,0.0109895,24310.18406987827
1700000000102927784,sell,0.010988499999999998,4754.133420203038
1700000000103187656,sell,0.010988,1791.9450882129909
1700000000103398055,buy,0.010989,2861.2793067454813
1700000000103860034,buy,0.010988,1427.1162847465419
1700000000104030176,sell,0.010988499999999998,13927.468111621021
1700000000104155698,sell,0.010987499999999999,13608.572117347694
1700000000104747739,buy,0.010988,60752.67617169351
1700000000105005603,sell,0.0109865,14751.162145350212
1700000000105228599,sell,0.010987499999999999,3128.886221386737
1700000000105298300,buy,0.010988499999999998,4746.802695415726
1700000000105630561,buy,0.0109895,7644.138273267571
1700000000105783878,buy,0.0109895,2279.800183377751
1700000000106070441,buy,0.0109875,5012.050381809898
1700000000106115961,sell,0.0109865,3590.7047085154545
1700000000106583812,sell,0.010985499999999999,2045.896804963172
1700000000106863643,sell,0.0109845,10181.801927738932
1700000000107148091,sell,0.010985499999999999,2489.1175491868885
1700000000107247010,sell,0.010985499999999999,16232.340775742572
1700000000107265998,buy,0.0109865,4177.784079833263
1700000000107466371,buy,0.0109865,6689.513257906603
1700000000107800257,sell,0.010985499999999999,15912.305974322308
1700000000108125446,sell,0.010985499999999999,2969.598496742485
1700000000109117642,buy,0.010986,19761.873814416875
1700000000109139143,buy,0.010986,6660.510857277769
1700000000110166683,sell,0.0109845,5188.49669290227
1700000000110175046,sell,0.0109845,9566.633558892478
1700000000110499071,sell,0.0109845,3159.1195858018245
1700000000110561584,buy,0.010985,4266.659523416508
1700000000111032218,buy,0.010984,4484.582886449978
1700000000111088123,sell,0.010983,3604.1528207777665
1700000000111258318,buy,0.010984,6165.029922304266
1700000000111773876,buy,0.010983000000000001,5296.1193070417485
1700000000111818780,sell,0.010983,19973.407472122282
1700000000112260951,buy,0.010984,18651.004418058525
1700000000112294635,buy,0.010984,17543.045201497916
1700000000112359585,sell,0.010983,32391.94577229547
1700000000112473291,buy,0.010983000000000001,7488.166678920352
1700000000112858124,buy,0.010985499999999999,4276.976686409277
1700000000112916401,buy,0.010985499999999999,8884.526533148337
1700000000113122560,sell,0.010983999999999999,2001.8855359990423
1700000000113414691,buy,0.010984,4525.904033537101
1700000000113469678,sell,0.010983,3596.1175799892485
1700000000113655057,buy,0.0109835,11232.909240658377
1700000000113834771,buy,0.0109835,5548.9648310769
1700000000114246042,sell,0.010981999999999999,1249.048086323065
1700000000115138037,sell,0.010982499999999997,31215.023939286686
1700000000115140282,buy,0.0109825,1781.6935928244811
1700000000115193150,buy,0.0109815,18047.199445758586
1700000000115206599,sell,0.010981499999999998,16736.311484096354
1700000000115329228,sell,0.010981499999999998,20480.822188496273
1700000000115529939,buy,0.0109815,20056.051783292794
1700000000115714845,buy,0.0109825,1225.1800491020008
1700000000116103051,sell,0.010981499999999998,25688.19949331611
1700000000116755023,sell,0.010981499999999998,24904.038428954536
1700000000117247634,buy,0.0109835,15562.652875233014
1700000000117505466,sell,0.010981,7340.707065127245
1700000000117696544,buy,0.010983999999999999,15825.421544763592
1700000000117807392,buy,0.010983999999999999,9689.933926389991
1700000000117944729,buy,0.010983999999999999,3507.370934339982
1700000000117981819,sell,0.010981,3494.245122937578
1700000000118053541,sell,0.0109825,7946.0570864756155
1700000000118380507,buy,0.010982500000000001,9669.493608725457
1700000000118518237,sell,0.010983,3243.03788814622
1700000000118775463,sell,0.010982,1631.0391786433058
1700000000119188078,buy,0.010983999999999999,2546.4815853446066
1700000000119968082,sell,0.010980499999999999,895.6061686405326
1700000000120751241,sell,0.0109815,9976.2029095008
1700000000120959670,buy,0.010983499999999998,14184.844493556553
1700000000121090384,buy,0.010983999999999999,5152.368948515366
1700000000121113464,sell,0.010981,1950.6484415811317
1700000000121979611,buy,0.010983,957.9920270874267
1700000000122117184,buy,0.0109815,4789.463156291888
1700000000122170087,sell,0.010981499999999998,2962.3332592464844
1700000000122736558,buy,0.010983999999999999,9217.820987078701
1700000000123531911,sell,0.010981,6791.168222397864
1700000000123771872,sell,0.010981,2022.2443247347876
1700000000124546800,sell,0.010980999999999998,1697.9686862503577
1700000000124588251,sell,0.010980999999999998,10695.726786099767
1700000000125174575,buy,0.010978,3560.2837453994644
1700000000125242629,sell,0.010978999999999997,7141.364050081215
1700000000125362737,buy,0.010978,12634.941149227898
1700000000125430069,buy,0.010978,1739.0105913934096
1700000000125432095,buy,0.010979,2836.3874127189524
1700000000126096244,sell,0.010978499999999999,4115.947361863383
1700000000126336672,sell,0.010978499999999999,14171.161178169494
1700000000126379051,buy,0.0109795,6246.154000117309
1700000000126536105,sell,0.010978499999999999,5072.006232297787
1700000000126584394,sell,0.010978499999999999,2726.837108515436
1700000000126814157,buy,0.0109785,8322.594085063338
1700000000126936142,buy,0.0109785,8169.0111110892585
1700000000127591338,buy,0.0109785,7322.693465631439
1700000000127921209,buy,0.0109785,3398.473740318773
1700000000128044810,buy,0.010979,6072.451791236779
1700000000129340155,buy,0.010979,12139.379540249087
1700000000129683886,buy,0.010979,12797.547882193163
1700000000129743658,sell,0.010977999999999998,562.7132515265317
1700000000129938356,buy,0.010979,2137.04917788177
1700000000129978982,buy,0.010979,5789.273213156107
1700000000130326822,sell,0.010977999999999998,29897.273120051548
1700000000130988396,buy,0.0109785,2360.2009977712414
1700000000131098979,sell,0.010979,9913.952163361273
1700000000131187625,buy,0.01098,3258.293402699213
1700000000131287462,buy,0.010979000000000001,11619.914609645091
1700000000131299532,sell,0.010979,4974.060921353174
1700000000131564355,sell,0.010978,464.5643375841412
1700000000131786869,buy,0.010981,1456.939262399341
1700000000132161687,buy,0.0109785,2450.2150116230564
1700000000132323029,sell,0.010978499999999999,2241.0871971883985
1700000000133074514,buy,0.010979,7642.711617205041
1700000000133334310,buy,0.010979999999999998,6677.260743737955
1700000000133420057,buy,0.010979999999999998,6705.173196481477
1700000000133459203,sell,0.010978,1034.6738575424863
1700000000133725704,sell,0.0109785,3942.877212882901
1700000000134395894,buy,0.0109795,9467.55481174452
1700000000134425243,sell,0.010978499999999999,2540.633413052904
1700000000134477378,buy,0.0109795,2906.7548916969413
1700000000134702770,sell,0.010977999999999998,4120.623339404842
1700000000135098736,sell,0.010978999999999997,20164.76746069996
1700000000135562474,buy,0.010977500000000001,7498.268459535472
1700000000135836403,buy,0.0109785,1663.0316366891466
1700000000135870352,sell,0.0109775,15457.78344446172
1700000000136457475,buy,0.010979999999999998,8273.873282260938
1700000000136533185,sell,0.010979,5150.02973310208
1700000000136619603,sell,0.010978,7153.307109186829
1700000000136855737,buy,0.010981,6750.428731386621
1700000000137149792,buy,0.010981,5516.104099938625
1700000000137262716,sell,0.010978,12058.561935336587
1700000000137722879,sell,0.0109795,2571.1129396702113
1700000000139027126,buy,0.010980499999999999,2423.107439825613
1700000000139410632,sell,0.010978499999999999,5612.7308251020695
1700000000139703716,sell,0.010978499999999999,1620.5068429098376
1700000000140043172,buy,0.0109785,1962.6282946926215
1700000000140501361,sell,0.010977999999999998,3191.5299132175496
1700000000140877195,sell,0.010978999999999997,2356.7826078290536
1700000000141448091,sell,0.0109775,3880.49241736178
1700000000141752202,buy,0.0109795,25765.505190733023
1700000000141781847,sell,0.0109765,5487.946980958724
1700000000141802910,buy,0.0109795,2991.6550613068803
1700000000141813299,buy,0.0109785,25503.97321076412
1700000000142014586,sell,0.010978999999999997,6092.823336110102
1700000000142062290,buy,0.010979,3535.057537144703
1700000000142409049,buy,0.010979,2126.7778604984906
1700000000142591156,sell,0.010979499999999998,14979.021611740374
1700000000142694647,sell,0.010978499999999999,7513.544469993061
1700000000142826290,sell,0.010979499999999998,19083.163205502344
1700000000142853327,sell,0.010979499999999998,1072.5865692064465
1700000000143153835,buy,0.0109785,1698.2753010153242
1700000000143627666,sell,0.010979,11021.88275936201
1700000000143638368,buy,0.01098,4061.080874128959
1700000000143656402,buy,0.010979000000000001,1799.2213799106542
1700000000143688556,buy,0.010979000000000001,6647.532047310995
1700000000144204334,buy,0.010979000000000001,20005.069932946186
1700000000144313423,buy,0.01098,29924.880549585047
1700000000144390296,sell,0.010979,12197.285377005895
1700000000144398572,buy,0.01098,16379.244653016842
1700000000144516854,sell,0.010978,781.6448536729099
1700000000144925558,buy,0.010979999999999998,2906.3127469818883
1700000000145275293,sell,0.0109775,7652.276027217926
1700000000145375689,sell,0.010978499999999999,16719.764786731306
1700000000145543314,sell,0.010979499999999998,15660.532360186815
1700000000145863639,sell,0.010978499999999999,9256.124687444651
1700000000146564355,buy,0.0109805,311.9281185543277
1700000000147477325,sell,0.010979999999999998,9533.963693571262
1700000000147825440,sell,0.0109795,7558.385712296858
1700000000147853996,sell,0.0109795,3032.140134768028
1700000000148756163,sell,0.010979999999999998,16468.218761020933
1700000000148804607,buy,0.010981,6888.669384010077
1700000000149030528,buy,0.0109805,3934.587403192923
1700000000149187874,sell,0.0109785,4844.863678881541
1700000000149490750,buy,0.0109815,786.4618109075715
1700000000149892289,sell,0.0109795,32535.290333201916
1700000000150187913,buy,0.0109815,2861.5633003545513
1700000000150359097,sell,0.010981499999999998,21472.18410495404
1700000000150406262,sell,0.010981499999999998,23094.880887818297
1700000000150489014,buy,0.0109805,1896.3829108966152
1700000000151192451,sell,0.01098,1356.5148758211235
1700000000151494337,buy,0.010981,803.7098531176277
1700000000151830227,buy,0.0109815,2612.229225053759
1700000000152571845,buy,0.010983,1250.229000469432
1700000000152587392,buy,0.010983,678.0549810660211
1700000000152645125,sell,0.01098,1148.6920124769672
1700000000152887411,sell,0.01098,16668.45896123636
1700000000153735190,sell,0.0109815,1297.9642470005535
1700000000154364027,buy,0.0109815,4476.275001167793
1700000000154550366,sell,0.0109795,6592.937947155652
1700000000154798520,sell,0.0109795,7021.528370785906
1700000000154952639,sell,0.010980499999999999,2119.4139753278964
1700000000155410236,buy,0.010981,2391.405779977433
1700000000155632572,buy,0.010982,26106.09466429322
1700000000155787555,buy,0.010981000000000001,2860.9496116279447
1700000000156133966,buy,0.0109825,870.3548439453069
1700000000156531633,buy,0.0109825,4582.211400517737
1700000000156772543,sell,0.0109795,3709.9098452339854
1700000000156775391,buy,0.0109825,55733.93983539509
1700000000156785573,buy,0.0109825,5282.5485224878985
1700000000157009742,sell,0.0109795,3690.2355172678303
1700000000157085343,sell,0.0109795,15746.13917813909
1700000000157481426,sell,0.010980499999999999,1541.2634025428104
1700000000157694975,buy,0.0109815,15163.017355457814
1700000000157817240,sell,0.010980499999999999,4940.159522666862
1700000000158069057,sell,0.0109795,4774.129818586361
1700000000158178259,sell,0.010980499999999999,6460.901669381628
1700000000158299295,sell,0.0109795,4746.047550716034
1700000000158630982,buy,0.0109805,7408.879184021893
1700000000158740526,sell,0.0109795,5369.451529921151
1700000000158995727,buy,0.0109805,7145.044086876011
1700000000159188457,buy,0.01098,16295.383243733626
1700000000159251000,buy,0.01098,3176.1668317764625
1700000000159274404,sell,0.010979,4860.337515205994
1700000000159462504,buy,0.01098,20274.5208637986
1700000000159513464,buy,0.0109805,1766.6791622586572
1700000000159552802,buy,0.0109815,15727.061704252557
1700000000159669766,sell,0.0109785,1240.9744175365543
1700000000159687716,buy,0.0109815,5583.518681856909
1700000000159768600,sell,0.0109785,944.0317577646925
1700000000160502418,buy,0.0109815,16265.706329466868
1700000000160803496,buy,0.0109805,8934.725729321399
1700000000160894062,buy,0.0109815,3312.4180486137975
1700000000161573745,buy,0.010981999999999999,2704.1134972456566
1700000000161615063,buy,0.010981,902.5277432693869
1700000000161790222,sell,0.010979,2231.3169171677114
1700000000161991094,sell,0.010979999999999998,13211.472014204084
1700000000162101207,sell,0.0109795,6480.849764598263
1700000000162331568,sell,0.0109795,1092.898882191004
1700000000162451251,sell,0.0109795,22086.719173413996
1700000000162567395,sell,0.010979999999999998,42190.85300957807
1700000000162686789,sell,0.010980999999999998,826.1554810021751
1700000000162728213,sell,0.010980999999999998,6693.8003618497
1700000000162923187,sell,0.010979999999999998,7916.328514325242
1700000000163012335,sell,0.010980999999999998,10963.113287618487
1700000000163376207,buy,0.010981,10357.840341720928
1700000000163764996,sell,0.0109795,7841.26302648705
1700000000164169779,buy,0.0109805,1565.3004940939857
1700000000164273657,buy,0.0109805,5283.405480463004
1700000000164487817,buy,0.010979500000000001,75305.70787024652
1700000000164878430,buy,0.0109805,2805.3519574167044
1700000000165016573,buy,0.0109825,6746.040575017496
1700000000165117385,sell,0.0109795,6272.821572146297
1700000000165135618,sell,0.0109795,9974.540487276845
1700000000165186334,sell,0.0109795,1685.653491715938
1700000000165394431,sell,0.010980499999999999,7467.772144335899
1700000000165465041,sell,0.0109795,5536.762925150879
1700000000165611616,buy,0.0109815,119909.69278530292
1700000000165762232,buy,0.0109815,3553.9842580194045
1700000000165884380,sell,0.010980499999999999,7317.054502750236
1700000000165931515,buy,0.0109815,6424.786656455275
1700000000165959304,sell,0.010980499999999999,9332.67644781773
1700000000166082370,buy,0.010981,2536.469797291675
1700000000166139809,buy,0.01098,3695.8534572476656
1700000000166231870,sell,0.010979999999999998,12386.06515985497
1700000000166270063,buy,0.01098,1263.3341561461812
1700000000166291643,sell,0.010980999999999998,3210.790831929369
1700000000166867252,sell,0.010979,4732.390180864952
1700000000167288634,sell,0.0109795,9391.322118655191
1700000000167929075,buy,0.01098,652.0404152270941
1700000000168404804,buy,0.010979500000000001,1445.3550894847083
1700000000168805899,sell,0.010979,3237.0496861445304
1700000000168838812,buy,0.01098,7490.42174708792
1700000000169088823,buy,0.010979500000000001,11137.567434199676
1700000000169109947,sell,0.0109795,2568.80326759358
1700000000169334683,buy,0.0109805,2864.7992212191416
1700000000169441520,sell,0.0109795,20649.5181554616
1700000000169462582,buy,0.0109805,1519.3988568734992
1700000000170146242,buy,0.0109805,1341.8773942778544
1700000000170263047,sell,0.010980499999999999,642.7205140538549
1700000000170560214,sell,0.0109815,12481.318614474503
1700000000170872684,buy,0.0109815,1669.1438094901625
1700000000171324433,sell,0.010981,7729.694445041522
1700000000171543105,buy,0.010983499999999998,1187.0322620662596
1700000000171546546,buy,0.010983499999999998,5517.132917215734
1700000000171643674,buy,0.010983499999999998,1850.8561521474553
1700000000171691697,buy,0.010983499999999998,19228.038250845577
1700000000171721458,buy,0.010983499999999998,7069.321543853408
1700000000171836129,sell,0.010980499999999999,798.2006078494932
1700000000171838404,sell,0.010980499999999999,4499.483740709084
1700000000172090900,buy,0.0109825,8155.905256857418
1700000000172182411,buy,0.0109825,14918.47619442453
1700000000172311189,sell,0.010981499999999998,308.1828927223103
1700000000172497187,buy,0.0109815,6148.053012334953
1700000000172574800,buy,0.0109815,2616.596666969108
1700000000172724709,sell,0.010981499999999998,3406.3033397568042
1700000000172754708,sell,0.010981499999999998,8594.80582302717
1700000000173121252,buy,0.010981999999999999,1746.275530346208
1700000000173438243,sell,0.010981,6881.441457703479
1700000000173564258,buy,0.010982999999999998,3973.4051882923136
1700000000173722729,sell,0.010981999999999999,3200.3995815641188
1700000000174258284,sell,0.010982999999999998,6197.362679538707
1700000000174371417,buy,0.010982,23878.828330035423
1700000000174823957,buy,0.0109825,5398.5548568862405
1700000000174865217,buy,0.0109815,4899.211616844069
1700000000175075736,buy,0.010982,17095.53224003586
1700000000175215232,sell,0.010981,15570.12363825407
1700000000175312420,buy,0.010981000000000001,8175.520315424516
1700000000175342937,buy,0.010982,1656.2162133227257
1700000000175371174,sell,0.010981,2746.6798701212947
1700000000175539708,sell,0.010981,1732.2328812541396
1700000000175798076,buy,0.010982,1358.6942598519454
1700000000175807385,sell,0.010981,2748.1123626190074
1700000000175922162,sell,0.010981999999999999,7525.272892222689
1700000000176458559,buy,0.010983,20658.47968053887
1700000000176904756,buy,0.010982,3454.029132849156
1700000000177067465,sell,0.010981,3023.4351033608077
1700000000177203048,sell,0.010981,18435.74963340235
1700000000177441895,buy,0.010982,10104.083017533932
1700000000177510592,sell,0.010981999999999999,14789.728202992586
1700000000177770197,buy,0.010981000000000001,4454.3394309125715
1700000000177922243,buy,0.010982,2876.0562003886603
1700000000178501725,buy,0.010983,4017.905061614875
1700000000178518043,buy,0.010983,5028.434384351807
1700000000178792149,sell,0.01098,864.9254277659585
1700000000179280699,buy,0.0109825,16023.321580437818
1700000000179387880,buy,0.0109815,1473.7155130412732
1700000000179439277,buy,0.0109825,6736.467595427375
1700000000179625989,buy,0.010982,16841.297019886555
1700000000179815384,sell,0.010981,3586.8646184193117
1700000000179832968,buy,0.010982,3187.915276471437
1700000000180069420,sell,0.01098,4973.253544228991
1700000000180233899,sell,0.01098,5511.606336206195
1700000000180352828,sell,0.01098,16568.994538069583
1700000000180390150,buy,0.010983,3210.8455398875726
1700000000180459719,buy,0.010982,2752.4881613803987
1700000000180521917,sell,0.010981999999999999,4661.322829717132
1700000000180690473,buy,0.010983,17659.829184181228
1700000000181230145,buy,0.0109835,4478.253900964138
1700000000181385648,sell,0.0109825,13725.259604376697
1700000000181598710,sell,0.010982,13735.685839793452
1700000000181770012,sell,0.010983,2186.675198195381
1700000000181805449,buy,0.010983999999999999,2669.4298594776205
1700000000181958579,buy,0.010983999999999999,3801.510020527734
1700000000182623200,buy,0.010983,2386.633765601236
1700000000182635335,buy,0.010982,11001.89695880334
1700000000182650321,buy,0.010982,4097.620210583994
1700000000182701475,buy,0.010983,2829.4467447060024
1700000000182792132,buy,0.010983,11313.676855928134
1700000000183199020,buy,0.010982,8457.096438276536
1700000000183516460,buy,0.010981,5476.3269319286455
1700000000183545301,buy,0.010981,5977.956293936735
1700000000183743542,buy,0.010981,3915.5761192452637
1700000000183818271,sell,0.010979999999999998,10610.69912222902
1700000000184114807,sell,0.010980499999999999,2566.016749560283
1700000000184127046,sell,0.010980499999999999,2710.0962166978857
1700000000184621646,sell,0.010981999999999999,5086.87243345584
1700000000184630069,buy,0.010982,45214.78675178688
1700000000184785949,sell,0.010981,999.800315801433
1700000000185244493,buy,0.010983,3229.906400046616
1700000000185301536,sell,0.01098,6412.012543830137
1700000000185354426,buy,0.010983,19399.6664959318
1700000000185471595,sell,0.010981,3069.464947053677
1700000000185780781,sell,0.010979,22785.565211152843
1700000000185813010,sell,0.010979,21593.48336188907
1700000000186162684,buy,0.010981,9547.479943492393
1700000000186195441,sell,0.010979999999999998,10378.806040467389
1700000000186250685,sell,0.010979,9888.177045052067
1700000000186516013,buy,0.0109805,1434.745295151202
1700000000186929599,sell,0.010980499999999999,4693.939453511226
1700000000187272540,sell,0.010979999999999998,2259.348625122479
1700000000187327159,sell,0.010979999999999998,3069.3341467252108
1700000000187456276,buy,0.010981,40567.47438532908
1700000000187540852,sell,0.010981999999999999,3400.8031517276054
1700000000187721560,sell,0.010981999999999999,47325.806523566556
1700000000187924369,sell,0.010981,728.9348444561518
1700000000188264970,buy,0.0109825,8431.90503944538
1700000000189098539,sell,0.010979999999999998,7959.145753806831
1700000000189380860,sell,0.010979,17351.556448049567
1700000000189389827,sell,0.010979,5960.133620451727
1700000000190304563,buy,0.010981999999999999,6150.83775137889
1700000000190890523,buy,0.010979500000000001,27514.67539769191
1700000000191434460,buy,0.0109805,6272.433245583759
1700000000191554367,sell,0.010979,1929.2062928397866
1700000000191620884,sell,0.010978,37297.61665448156
1700000000191647530,sell,0.010979,3274.1057652363543
1700000000191885503,buy,0.01098,9750.668361157414
1700000000191912661,sell,0.010978,2198.609954963519
1700000000192070839,buy,0.010981,2042.851357871463
1700000000192117901,sell,0.010979000000000001,9317.390257743593
1700000000193342795,sell,0.010981499999999998,4575.950859561151
1700000000193352937,buy,0.0109815,7007.879930969248
1700000000193535804,sell,0.010979999999999998,14557.019496137102
1700000000193695942,sell,0.010980999999999998,6538.87795114346
1700000000193861837,sell,0.010979999999999998,8314.801965361588
1700000000194145100,buy,0.0109805,15721.41947023061
1700000000194440541,buy,0.0109815,6384.045249804227
1700000000194609635,sell,0.010981,78171.2779602151
1700000000194900750,buy,0.010981999999999999,1446.2311369803938
1700000000195582901,sell,0.010979,20732.75998102967
1700000000195595514,buy,0.010981,2730.102893117886
1700000000195749140,sell,0.010979999999999998,8147.262644227171
1700000000195812541,sell,0.010979,13475.199808433124
1700000000195851470,buy,0.010981999999999999,19215.919162052694
1700000000196035496,buy,0.0109805,5118.534921416963
1700000000196207943,buy,0.010979500000000001,3284.1508083900762
1700000000196327968,sell,0.010980499999999999,4796.829326294633
1700000000196428888,buy,0.0109805,3085.1301022063276
1700000000196663790,buy,0.0109795,6465.290756563848
1700000000197096617,sell,0.010979999999999998,7290.5283732418775
1700000000198004446,buy,0.010980499999999999,2452.404643736035
1700000000198536252,buy,0.010979500000000001,4297.609168664386
1700000000199271436,buy,0.0109795,20331.034000604555
1700000000199804941,buy,0.010979999999999998,3696.3851986954196
1700000000200243773,buy,0.010980499999999999,12021.108230035481
1700000000200283622,sell,0.0109775,11605.436308414515
1700000000200320574,sell,0.0109775,2549.6658507285047
1700000000200834126,sell,0.0109775,32231.232583500343
1700000000200843740,sell,0.0109775,11684.643661475451
1700000000201041051,buy,0.010979,276.1320139603481
1700000000201214792,buy,0.010979999999999998,8850.130797993022
1700000000201360300,buy,0.010979999999999998,5570.262145241195
1700000000201785777,buy,0.01098,9888.047731403285
1700000000202144985,buy,0.010981,4637.587359208119
1700000000202270508,sell,0.010978,14456.370838385574
1700000000202961084,buy,0.0109795,3175.481163504026
1700000000203108479,sell,0.010977999999999998,8603.210912551962
1700000000203388687,buy,0.010979,6506.079175548227
1700000000203594853,buy,0.010979999999999998,5597.701463801494
1700000000203897635,sell,0.010979,1815.1597572203643
1700000000204181903,sell,0.010979499999999998,8182.999018880573
1700000000204283869,buy,0.0109795,7955.002868417495
1700000000204296117,sell,0.010979499999999998,5403.826266552021
1700000000204408418,buy,0.0109785,6552.557027036979
1700000000205112762,sell,0.0109775,5433.041406947634
1700000000205150546,buy,0.0109795,1995.1852680418806
1700000000205552217,buy,0.0109785,2286.004623028692
1700000000205602314,buy,0.0109795,1461.050278412914
1700000000205835672,sell,0.010979499999999998,32946.23062883452
1700000000205846192,sell,0.010978499999999999,5713.269637831586
1700000000205913644,buy,0.0109795,2724.8153063438103
1700000000206125542,sell,0.0109785,5194.14853550225
1700000000206361101,buy,0.0109815,5937.152484484756
1700000000206663697,sell,0.0109785,9996.163901707881
1700000000206852446,sell,0.0109785,10252.892091342936
1700000000207107952,buy,0.01098,8813.901641313463
1700000000207390495,sell,0.010978,3574.9616949953743
1700000000208785948,sell,0.0109795,5053.93997646864
1700000000208899820,sell,0.0109795,3344.1686508745956
1700000000209327327,sell,0.010980499999999999,6882.077607152956
1700000000209722220,sell,0.0109795,3225.4185501380166
1700000000209792609,buy,0.010981499999999998,3860.39405303273
1700000000209834327,buy,0.010980499999999999,518.3131704573265
1700000000209870527,buy,0.010981499999999998,2217.953978011183
1700000000210609802,sell,0.0109795,1736.0431870091747
1700000000210843735,sell,0.010980499999999999,1444.2526137943996
1700000000211679508,sell,0.0109795,3391.747890919238
1700000000211820009,sell,0.0109795,11089.101151254683
1700000000211934278,sell,0.0109795,1842.2128644305835
1700000000212213179,sell,0.010979,2622.332891821829
1700000000212670011,sell,0.0109795,16016.15472587111
1700000000212698667,buy,0.010979500000000001,10891.069713493393
1700000000212883883,sell,0.0109795,3397.5824029947053
1700000000212889297,buy,0.0109805,1938.1868760582088
1700000000213007734,sell,0.0109795,9623.474282507657
1700000000213224361,buy,0.0109805,3587.692589880567
1700000000213384556,sell,0.0109795,2160.7942447961996
1700000000213466069,sell,0.0109795,8746.553950173075
1700000000213589326,buy,0.010981,1691.8799307825345
1700000000213670361,sell,0.010978,4259.892949302533
1700000000213855390,sell,0.010979,11471.636510620798
1700000000214014682,buy,0.01098,1297.5747820468496
1700000000214026188,buy,0.01098,1534.7366890124376
1700000000214123957,sell,0.010979,3350.0160669864003
1700000000214671327,sell,0.010979499999999998,6416.012181928218
1700000000215155763,sell,0.010978499999999999,3081.893467342843
1700000000215198979,sell,0.010978499999999999,867.6060553111697
1700000000215215982,buy,0.0109795,3482.9780437787126
1700000000215256038,buy,0.0109785,8242.909243800392
1700000000215367847,buy,0.0109795,3326.092500694478
1700000000215446637,buy,0.0109785,3236.1359343845206
1700000000215628672,buy,0.010979999999999998,5374.720490743098
1700000000215647357,sell,0.010978,810.1262393335079
1700000000215741000,sell,0.010978,2881.0378615234454
1700000000215819329,sell,0.010979,7767.638266671804
1700000000215835480,sell,0.010979,4968.88094678481
1700000000216116345,buy,0.010979499999999998,3760.861820060031
1700000000216288016,sell,0.0109775,6649.730298591883
1700000000216990928,sell,0.010978999999999997,6916.582090483944
1700000000217090374,buy,0.0109785,10835.90114936873
1700000000217393291,sell,0.0109775,13855.491270948376
1700000000217555029,sell,0.010976499999999998,4457.782357064493
1700000000217727524,buy,0.0109765,38258.289977462555
1700000000217913365,sell,0.010976499999999998,4041.1624201868785
1700000000217978756,buy,0.0109765,1419.506288330223
1700000000219219891,sell,0.010976499999999998,5755.573705189842
1700000000219318155,sell,0.010977499999999998,3776.892739834659
1700000000219784878,buy,0.010977999999999998,11267.657860019966
1700000000219937930,sell,0.010976,4599.796593987975
1700000000220067480,sell,0.0109765,2251.8617358877855
1700000000220114304,sell,0.010975500000000001,1094.969687441762
1700000000221012747,sell,0.010976,1433.56971120738
1700000000221163050,sell,0.010976999999999999,3976.9553807372918
1700000000221343997,sell,0.010976,4309.648614566653
1700000000221929448,sell,0.0109755,4908.9523408341765
1700000000221965342,sell,0.0109745,26812.05148682906
1700000000222088342,sell,0.010977499999999998,3973.7965313282693
1700000000222297724,buy,0.0109765,2543.554575305787
1700000000222428264,sell,0.010976499999999998,5257.441671139993
1700000000222519661,sell,0.010976,436.749917535481
1700000000222798163,sell,0.010976,7268.499350428307
1700000000223416058,buy,0.010977,3624.2779075050935
1700000000223784835,sell,0.0109765,3596.7317338981443
1700000000224049820,buy,0.010977,2454.61642799096
1700000000224162385,sell,0.010976,7299.751458720522
1700000000224347567,buy,0.010977,7913.66706100463
1700000000224373312,sell,0.010976,5467.7510978198015
1700000000224728133,sell,0.010976999999999999,6318.472433532365
1700000000225071976,buy,0.010977,12362.748692901814
1700000000225135630,buy,0.010977,16810.156936291012
1700000000225327109,buy,0.010977,1735.98378805348
1700000000225418989,buy,0.010976000000000001,1805.8787830554866
1700000000226350343,buy,0.0109765,1122.235958476933
1700000000226504513,buy,0.0109775,5708.740881643329
1700000000226576113,buy,0.0109775,6798.863151202919
1700000000226649420,sell,0.0109745,7249.66897571455
1700000000226735327,buy,0.0109775,4534.869007612834
1700000000227356899,buy,0.010976,1554.0120837835211
1700000000227797582,sell,0.0109755,3329.7384263168715
1700000000228059814,sell,0.010975,784.5237133087446
1700000000229065182,sell,0.0109755,26368.220724335646
1700000000229844681,sell,0.010974,2845.9206299298353
1700000000230110105,sell,0.0109745,10172.6777993401
1700000000230199298,sell,0.0109745,62525.93919150407
1700000000230258161,sell,0.0109755,1714.4068494576434
1700000000230741893,sell,0.010974,7202.04575851715
1700000000230820500,sell,0.010974999999999999,5168.164835739312
1700000000230910163,buy,0.010975999999999998,25081.222974101427
1700000000230968981,buy,0.010975999999999998,7034.250487702659
1700000000231129104,sell,0.010973499999999999,6748.679893040873
1700000000231687055,buy,0.0109745,4938.388847122289
1700000000231764704,sell,0.010973499999999999,5738.986296097159
1700000000231896849,sell,0.010973499999999999,8850.739284211199
1700000000231996973,sell,0.010973499999999999,2408.4370520612806
1700000000232013730,sell,0.010974,6234.238879058953
1700000000232420829,sell,0.010974,2994.677591302816
1700000000232458496,sell,0.010974,4890.261136286309
1700000000232515999,sell,0.010973,1183.2452685448065
1700000000232601555,buy,0.010974999999999999,5034.52379294793
1700000000232768369,buy,0.010974,4925.989880332306
1700000000233092891,sell,0.010972999999999998,3133.4169228172013
1700000000233513440,sell,0.0109725,7553.383756375122
1700000000233636503,sell,0.0109725,6011.421621221674
1700000000233755328,sell,0.0109725,7363.7758765867175
1700000000233924830,sell,0.0109725,9098.267301730903
1700000000234102110,buy,0.010973,4943.838865950197
1700000000234213053,buy,0.010973,2837.4577232560473
1700000000234372394,sell,0.010971999999999999,2492.3198587007973
1700000000234672474,buy,0.010973,11607.134230598502
1700000000235062621,buy,0.0109725,4408.472251718046
1700000000235345606,buy,0.010973499999999999,5117.156395500616
1700000000235380141,sell,0.0109715,5876.098976454252
1700000000235591248,sell,0.0109705,2692.0139323664935
1700000000235635498,buy,0.010973499999999999,11068.96317061869
1700000000235861995,sell,0.010971499999999999,1954.2734739600924
1700000000235918554,buy,0.010973499999999999,8151.22243386204
1700000000235967272,buy,0.010973499999999999,2442.2964566433575
1700000000235995003,sell,0.0109705,1319.9161104821005
1700000000236028486,buy,0.0109725,4122.03397145188
1700000000236181891,buy,0.0109715,2162.6855402352753
1700000000236280040,buy,0.0109725,13843.413364232369
1700000000236326386,buy,0.0109725,4822.678535773744
1700000000236953770,buy,0.0109725,28656.887369793625
1700000000237275054,sell,0.010971499999999999,1689.8415998710295
1700000000237510787,sell,0.010971,17302.816252897454
1700000000237764087,buy,0.010972,9662.16048601474
1700000000238318487,sell,0.0109705,2508.649945526955
1700000000238338002,sell,0.0109705,1666.018568398351
1700000000238457681,sell,0.0109705,23675.524075934823
1700000000238478735,buy,0.010970500000000001,14679.10514454521
1700000000239060410,buy,0.0109725,2041.3578651013854
1700000000239195015,buy,0.0109725,4790.138121542719
1700000000239755827,buy,0.0109715,23269.363212305336
1700000000240125377,buy,0.0109715,1417.611527909281
1700000000240181784,sell,0.0109705,8447.386608833058
1700000000240485308,buy,0.0109715,6218.833330696971
1700000000240631429,buy,0.0109715,4382.0282591975565
1700000000241082531,buy,0.0109725,14199.549880464723
1700000000241930497,sell,0.0109705,5551.417767587708
1700000000242278794,sell,0.010971,2324.29997560763
1700000000242479744,buy,0.010971999999999999,311.46152995148464
1700000000242530270,buy,0.0109725,7965.796195055568
1700000000242535939,sell,0.0109715,2385.9946500565534
1700000000242774639,buy,0.0109725,7183.5965957923
1700000000242933156,buy,0.0109715,10264.656185856222
1700000000242954492,buy,0.0109725,1505.0087758015984
1700000000242999110,sell,0.010970500000000001,2499.9643097813105
1700000000243219765,sell,0.010970999999999998,4189.914488205846
1700000000243889956,buy,0.0109705,6493.251161976389
1700000000244137490,sell,0.010969,4235.384605583069
1700000000244303416,buy,0.010971,641.4757407000601
1700000000244642050,buy,0.0109705,2929.5351925022374
1700000000244727470,buy,0.0109705,48277.78314019176
1700000000244748813,buy,0.0109695,11173.765158468104
1700000000244786908,sell,0.010969499999999998,30333.096271698574
1700000000245929324,sell,0.010969499999999998,17191.431207557278
1700000000246177416,sell,0.010968499999999999,11587.009098406816
1700000000246480219,sell,0.010968499999999999,1882.6961281921476
1700000000246765351,sell,0.010969499999999998,7218.082220292038
1700000000247175763,sell,0.0109685,16548.636175059284
1700000000247923964,buy,0.010968,12474.007264430267
1700000000248277750,sell,0.010968999999999998,1974.8557690550917
1700000000248717112,sell,0.0109675,9364.678702093279
1700000000248882607,sell,0.0109675,7957.248898306835
1700000000248904634,sell,0.0109675,37334.7347300273
1700000000248917845,buy,0.010967500000000002,43834.71945690355
1700000000248992825,buy,0.010967500000000002,4470.095093849095
1700000000249040730,buy,0.010969,3168.2781507881336
1700000000249227066,sell,0.010967999999999999,3729.571524318533
1700000000249778352,sell,0.0109675,4172.99401248409
1700000000250305952,sell,0.0109665,2975.5922769915423
1700000000250356069,sell,0.0109665,7026.124751325295
1700000000250395925,sell,0.0109665,1097.6514725758316
1700000000250774389,sell,0.010966499999999999,8225.19468577182
1700000000250887673,sell,0.010967499999999998,682.2953821228423
1700000000250954898,sell,0.010966499999999999,7346.480761159515
1700000000251031602,buy,0.010967,4554.254638033488
1700000000251041498,buy,0.010967,35295.12330585549
1700000000251419171,sell,0.010965999999999998,17785.871971057153
1700000000251542390,sell,0.010966499999999999,1186.3424567524453
1700000000251785541,sell,0.010966499999999999,2865.2299725801563
1700000000252292391,sell,0.010967,6901.719846144112
1700000000252404609,sell,0.010967,20211.43461085778
1700000000252544313,sell,0.010967,11442.626431811037
1700000000252945401,buy,0.010968,7126.674124418289
1700000000253073881,buy,0.010968499999999999,15561.954276092554
1700000000253406706,sell,0.0109655,31524.752773008393
1700000000253530892,buy,0.0109665,5108.356962710948
1700000000253690115,sell,0.010966499999999999,1944.7309753315608
1700000000254167335,buy,0.0109665,3144.934672338978
1700000000254320646,sell,0.0109655,3934.119541307098
1700000000254365136,buy,0.0109665,7794.04369664475
1700000000254610224,sell,0.0109645,9726.483851046745
1700000000254813170,buy,0.0109675,4801.226950996286
1700000000254890133,buy,0.0109675,9664.056526015574
1700000000255079305,sell,0.0109655,2343.025427193501
1700000000255354683,sell,0.0109645,2855.6206167792748
1700000000255552354,buy,0.0109665,9063.927465448443
1700000000255585105,sell,0.010966499999999999,3707.494144820031
1700000000256306813,buy,0.010965999999999998,1905.4121198386958
1700000000256463514,sell,0.010964,13497.586419082274
1700000000256628569,buy,0.010966499999999999,7551.39572299586
1700000000256875706,sell,0.0109635,4800.1200420674
1700000000257079897,buy,0.010966499999999999,3643.365440381097
1700000000257164170,sell,0.0109635,2497.07997868167
1700000000257357517,buy,0.010966499999999999,7135.8176091237165
1700000000257497158,buy,0.010966499999999999,10525.547570815805
1700000000257589949,sell,0.0109645,2907.3512363725144
1700000000257787831,sell,0.0109655,872.2244651065262
1700000000258197645,buy,0.010967,24992.24637283947
1700000000258287341,buy,0.010967,5316.636589969295
1700000000258521033,buy,0.010967,1057.762379944811
1700000000258937096,buy,0.010967,8931.423804471171
1700000000259142584,sell,0.010966999999999998,31786.329717070505
1700000000259184466,sell,0.010965999999999998,1455.6333986242842
1700000000259356447,sell,0.010965999999999998,6987.951184563951
1700000000259519176,sell,0.010965,12336.499686424815
1700000000259634963,sell,0.010965,25556.220262192946
1700000000259960162,sell,0.010965,11976.336194805852
1700000000260469108,buy,0.010965500000000001,5753.092850213013
1700000000261122628,sell,0.010964999999999999,8019.378901932722
1700000000261971406,buy,0.0109655,5779.719712842194
1700000000262096482,sell,0.010965999999999998,1432.4478600488887
1700000000262124361,sell,0.010965999999999998,5838.269917245368
1700000000262320652,sell,0.010964999999999999,16587.49600690253
1700000000262483750,buy,0.010966,1696.3134013642946
1700000000263205782,sell,0.010964,5483.717991587231
1700000000263254921,sell,0.010964,1905.9720698310189
1700000000263408108,buy,0.010967,2505.1629055363837
1700000000263409591,buy,0.010967,3090.278249648183
1700000000263588268,sell,0.010964999999999999,35367.28720351161
1700000000263874516,sell,0.010964999999999999,18479.818821164725
1700000000264741567,buy,0.010965,3275.3834211955577
1700000000264823688,sell,0.010964,5101.594381263524
1700000000264947758,buy,0.010966,2132.702445292617
1700000000265099103,sell,0.010964,3917.187516747102
1700000000265983722,buy,0.010963500000000001,9768.191184025934
1700000000266248272,sell,0.0109635,3602.5021280856117
1700000000266259208,sell,0.010964499999999999,3269.1064819440876
1700000000267494061,sell,0.010962999999999999,732.2804016328192
1700000000268266902,sell,0.010962499999999998,14057.059885214696
1700000000268538059,sell,0.010962,4628.74295816323
1700000000268760034,sell,0.010962,4269.909123214548
1700000000268824883,sell,0.010962,7839.777299164323
1700000000269896728,buy,0.010962999999999999,3335.2048138662412
1700000000269957261,sell,0.01096,917.5611589065936
1700000000270047563,sell,0.010960999999999999,637.1397050302458
1700000000270162624,sell,0.010961999999999998,20969.14511732823
1700000000270323692,sell,0.010960999999999999,2538.7209525951803
1700000000270333452,sell,0.010961999999999998,10986.785355577791
1700000000271179449,buy,0.010962,14699.335447193844
1700000000271311367,buy,0.010962,416.4440000664183
1700000000271818064,buy,0.0109615,1811.447171877104
1700000000271818794,buy,0.0109615,15514.08092891591
1700000000271819563,buy,0.0109615,1552.5258932576246
1700000000272135449,buy,0.0109615,20853.58517861104
1700000000272184563,sell,0.0109605,5269.5432123764185
1700000000272218901,buy,0.0109615,3667.463870204599
1700000000272849311,buy,0.010961,2504.1547098067203
1700000000273130113,buy,0.010961,1125.3717951516708
1700000000274810814,buy,0.010959,1261.0087465928045
1700000000274923516,buy,0.01096,1567.368657258513
1700000000275429903,buy,0.01096,5498.0361456024275
1700000000276026510,sell,0.010959999999999998,5251.806306902242
1700000000276239839,sell,0.010958999999999998,10138.743006926548
1700000000276523986,buy,0.01096,276.60522972075177
1700000000276707300,buy,0.010959,7651.4948727904175
1700000000276809075,buy,0.01096,2460.794493373994
1700000000276947345,buy,0.01096,3551.3001696900674
1700000000277493160,sell,0.010958999999999998,16360.992170389622
1700000000277720185,sell,0.0109585,11416.757825905766
1700000000278029566,sell,0.010959499999999999,8213.556327685912
1700000000278179468,sell,0.0109585,10070.789207314636
1700000000278192604,sell,0.010959499999999999,16058.626425475866
1700000000278200965,buy,0.0109595,4000.2036746553335
1700000000278320193,buy,0.010958500000000001,10865.041109501553
1700000000278407908,buy,0.010958500000000001,3254.5973412872036
1700000000278694974,buy,0.0109605,1371.7944527555828
1700000000278929821,buy,0.0109605,780.8830442305319
1700000000279689084,sell,0.010958999999999998,10620.962341402826
1700000000279772547,buy,0.01096,641.1193332348091
1700000000279926462,buy,0.01096,984.1320905706385
1700000000280047591,buy,0.010959,46360.41591750234
1700000000280537110,buy,0.01096,15103.87883529826
1700000000281227009,sell,0.0109585,3867.00617632436
1700000000281468620,sell,0.0109585,2972.5927510339234
1700000000281813177,sell,0.0109585,11437.713067216186
1700000000282322628,sell,0.01096,1604.4538786746773
1700000000282585378,sell,0.010958,6513.199757507064
1700000000283031090,sell,0.010959499999999999,5146.024810854694
1700000000283317492,sell,0.0109585,27243.945411025583
1700000000283378021,sell,0.0109585,10028.852735047394
1700000000283623139,buy,0.010960999999999999,1266.6486783924781
1700000000283733293,buy,0.010960999999999999,3844.6852656507076
1700000000283834551,sell,0.010959,3318.245105819473
1700000000284146218,sell,0.01096,10744.872295152853
1700000000284284726,sell,0.01096,7952.324735625116
1700000000284291259,sell,0.01096,900.9446327495772
1700000000284488571,buy,0.010961,13382.101148606393
1700000000285145508,sell,0.010958999999999998,11310.08931042724
1700000000285486370,buy,0.01096,16856.396488812486
1700000000285577484,sell,0.010959499999999999,2319.8520733546234
1700000000286109823,buy,0.010961499999999999,7938.601546260671
1700000000286179683,sell,0.0109585,3170.810351765422
1700000000286557373,sell,0.010959499999999999,5062.485877387122
1700000000286764784,sell,0.010959499999999999,4352.035457450875
1700000000286953357,buy,0.0109595,12629.59931074342
1700000000287164211,buy,0.010958500000000001,9764.47972955769
1700000000287185325,sell,0.0109585,6261.568014273722
1700000000287467466,sell,0.0109585,8056.808492477326
1700000000287689405,sell,0.010958999999999998,13461.497998074008
1700000000287780478,buy,0.010959,15464.339242653965
1700000000288033580,buy,0.010958,6435.5379842579005
1700000000288133491,sell,0.010957999999999999,3097.9765323613315
1700000000288392595,buy,0.010958,3560.991667091894
1700000000288395253,buy,0.010958,5117.077948043354
1700000000288473737,sell,0.010957,1203.7968367638682
1700000000288607719,sell,0.010957999999999999,8278.8075926177
1700000000288812695,sell,0.010957,6804.275902999227
1700000000288866167,buy,0.010957000000000001,7537.445795290971
1700000000289513917,sell,0.0109565,6829.986819036722
1700000000289576494,sell,0.0109565,3020.9605487441877
1700000000289590163,sell,0.0109565,7702.480996838344
1700000000290100075,buy,0.010958999999999998,3498.5358920668937
1700000000290209583,sell,0.010957,6020.796303045935
1700000000290519965,buy,0.010959,17934.738239965987
1700000000290911350,buy,0.010959,5482.037321657059
1700000000291074302,buy,0.010960499999999998,41761.241124440516
1700000000291167649,sell,0.010959499999999999,3600.6799725787782
1700000000291264786,sell,0.0109585,3336.0549556112464
1700000000291899363,sell,0.010957999999999999,21932.11125271197
1700000000292050740,buy,0.010960999999999999,1668.896514866256
1700000000292222649,sell,0.010957999999999999,3205.1982793465336
1700000000292292343,sell,0.010957999999999999,4679.1314113119815
1700000000293098583,buy,0.0109585,44083.14305796389
1700000000293519962,buy,0.010959499999999999,8568.313528569344
1700000000293805559,buy,0.010959499999999999,2004.774038007593
1700000000293850416,buy,0.0109585,3545.2975805840824
1700000000293858218,buy,0.0109585,24162.126728151146
1700000000293991064,buy,0.0109585,6467.039486515028
1700000000294131600,buy,0.0109595,10162.977011613017
1700000000294451736,sell,0.0109585,1966.8618491983714
1700000000294517398,buy,0.0109595,1199.1824208060152
1700000000294642940,buy,0.0109595,7284.956169625676
1700000000294738926,sell,0.0109585,1114.2614097496003
1700000000294810806,buy,0.010958500000000001,4750.481959618613
1700000000294991769,buy,0.010958500000000001,9407.817254323409
1700000000295774217,sell,0.010958,612.1566873143787
1700000000295791034,buy,0.01096,1068.91299333427
1700000000295887978,sell,0.010958,8694.998723595005
1700000000296187713,buy,0.010958500000000001,735.5322920347413
1700000000296268894,sell,0.010959499999999999,3120.962671492581
1700000000296364018,sell,0.010959499999999999,9914.36522431815
1700000000296681055,buy,0.01096,7768.400903758334
1700000000296684249,sell,0.010959999999999998,3395.8889145491958
1700000000296826558,buy,0.01096,4147.388314791889
1700000000296941059,buy,0.010959,1353.360564693933
1700000000297173366,sell,0.0109585,3071.1974195760145
1700000000297241022,buy,0.010960499999999998,2964.331811672838
1700000000298086629,sell,0.01096,4725.285738234848
1700000000298298811,sell,0.010960999999999999,676.0490795476537
1700000000298457502,sell,0.01096,7352.192544141219
1700000000298476821,buy,0.010961,2203.9382259868767
1700000000299415042,buy,0.010961,3728.1852447268566
1700000000299466267,sell,0.01096,612.0224377923248
1700000000299824475,buy,0.010961499999999999,34000.990710582424
1700000000299902998,buy,0.010961499999999999,2650.1323006600674
1700000000300137369,buy,0.01096,6763.609590434087
1700000000300175885,sell,0.010958,4719.8564194190085
1700000000300838150,buy,0.010960499999999998,10169.731670515548
1700000000300863250,sell,0.0109585,5147.400150108246
1700000000301148031,buy,0.01096,811.3885965334241
1700000000301247001,sell,0.010958999999999998,7392.534504736729
1700000000301642783,sell,0.0109585,4665.440401436598
1700000000301988861,buy,0.010960499999999998,4043.79315282821
1700000000302312566,sell,0.010957999999999999,1553.3336770944609
1700000000302313571,sell,0.010958999999999998,5105.02131533097
1700000000302460447,sell,0.010957999999999999,6664.64473477824
1700000000302591555,buy,0.010959,20843.203510306168
1700000000302617975,buy,0.01096,6500.618746582957
1700000000302628504,buy,0.010959,14320.618987456692
1700000000302808191,sell,0.010957,381.80529333139737
1700000000303055774,sell,0.010957499999999998,24650.300303350257
1700000000303106266,buy,0.0109585,2578.5081632292595
1700000000303768840,buy,0.010958,950.8151665303797
1700000000303796756,sell,0.010957,17839.32402212906
1700000000303810807,sell,0.010957,2805.135274162512
1700000000303829052,sell,0.010957,3273.430437022771
1700000000304021539,buy,0.010957,29944.874213140716
1700000000304352268,buy,0.010957,3208.0465090415455
1700000000304457190,sell,0.010956999999999998,6153.193589834738
1700000000305043176,sell,0.0109555,2942.8042748138732
1700000000305346306,sell,0.0109555,5548.969404172748
1700000000305561928,sell,0.0109565,4256.601208771106
1700000000305606751,sell,0.0109565,4071.588054873742
1700000000306449670,sell,0.0109555,1787.1195954306233
1700000000306896708,buy,0.0109585,4895.77188207576
1700000000307452061,sell,0.010957499999999998,6264.720233709451
1700000000307501885,sell,0.010955999999999999,10481.057979705638
1700000000307632407,sell,0.010955,26038.490868245863
1700000000307656073,sell,0.010955,10635.831313203902
1700000000307815033,sell,0.010955,19614.050299907245
1700000000307984111,buy,0.010956,10532.501750094147
1700000000307984689,buy,0.010956,35230.61572277057
1700000000308631271,buy,0.0109565,561.0434658089642
1700000000309184946,buy,0.010957,4360.010058213325
1700000000309407476,buy,0.010957,3211.8591294258686
1700000000309583114,buy,0.0109575,8621.261693536555
1700000000309660866,buy,0.0109575,5869.154910593163
1700000000309768066,buy,0.0109575,11214.980445609848
1700000000309869991,buy,0.0109575,4856.262272804974
1700000000310030901,buy,0.0109585,7926.056527172161
1700000000310257181,buy,0.0109575,3685.4637671094933
1700000000310330317,buy,0.0109575,17100.0204008829
1700000000310705775,sell,0.010957,17214.83155078427
1700000000310727343,sell,0.010957,1110.751200432953
1700000000310954300,buy,0.010958999999999998,4796.035495505823
1700000000311827685,sell,0.0109575,263.50761800754776
1700000000312040099,sell,0.010957,5144.247198191364
1700000000312047984,sell,0.010957999999999999,12333.840452370121
1700000000312385013,sell,0.010957,5323.898514584521
1700000000312463757,buy,0.010957999999999999,2646.179293446109
1700000000312517688,buy,0.0109575,4082.497377201949
1700000000312565695,sell,0.010957499999999998,25987.247053363877
1700000000312669136,sell,0.010958499999999998,4017.925952313482
1700000000312827090,buy,0.0109575,1013.9619663270106
1700000000313069449,sell,0.010958999999999998,275.3144124631593
1700000000313368504,sell,0.010957999999999999,1098.684818990547
1700000000313762608,sell,0.0109585,5569.720641637088
1700000000313816641,buy,0.010960499999999998,3491.090692251576
1700000000314115782,buy,0.01096,2469.299312894123
1700000000314177055,buy,0.01096,2362.865368079707
1700000000314716072,sell,0.010958999999999998,2856.6918121171525
1700000000314809472,sell,0.010958999999999998,2624.250193449505
1700000000314850725,buy,0.01096,4664.304718858929
1700000000315036335,sell,0.010957999999999999,3705.0307470261773
1700000000315214262,sell,0.010957999999999999,10475.293530065876
1700000000315307289,sell,0.010958999999999998,1363.245234558774
1700000000315501968,sell,0.010959,2641.8092479974853
1700000000315626475,buy,0.010960999999999999,1087.0540574010358
1700000000315963078,sell,0.01096,2328.7636250098262
1700000000316067511,sell,0.010959499999999999,6179.763745108035
1700000000316404751,buy,0.010961499999999999,3519.923148153316
1700000000316452608,buy,0.010961499999999999,25836.53001341225
1700000000316684938,sell,0.010961,6261.091431710404
1700000000317345288,sell,0.0109595,12303.616191380544
1700000000317411794,sell,0.0109595,4015.6576886656694
1700000000318144399,sell,0.01096,6683.465414626367
1700000000318149937,sell,0.01096,2505.594519160584
1700000000318505769,buy,0.010960000000000001,7365.154147664611
1700000000318963380,buy,0.010961,8099.460364273567
1700000000319011482,sell,0.0109605,6464.879891978346
1700000000319202577,sell,0.010961499999999999,11171.435060565853
1700000000319363850,sell,0.0109605,2041.1971260650157
1700000000319389511,buy,0.010960500000000001,8321.110337881313
1700000000319506173,buy,0.010960000000000001,4286.276467452762
1700000000319549361,sell,0.010960999999999999,1282.5435843098826
1700000000319642465,buy,0.010961,8558.251595633832
1700000000319758403,buy,0.010961,5561.997995620128
1700000000319983636,sell,0.01096,5541.1228730787
1700000000320122069,buy,0.010960999999999999,6054.955269563093
1700000000320207990,sell,0.010959,14624.501561540055
1700000000320341022,sell,0.010959,3140.499411983914
1700000000320468433,sell,0.01096,6798.177571289134
1700000000320805602,buy,0.0109595,3421.239135141838
1700000000320811303,sell,0.010959499999999999,26451.69772508863
1700000000320887606,buy,0.0109595,1621.4638789914695
1700000000320923761,sell,0.010960499999999998,1157.902506899324
1700000000321120894,sell,0.01096,10598.031349141644
1700000000321164199,buy,0.010960999999999999,4210.095536805209
1700000000321371878,sell,0.01096,647.3346940342349
1700000000321475192,buy,0.010960999999999999,25048.986093707237
1700000000321527820,buy,0.01096,8818.053195240585
1700000000322047014,sell,0.010958999999999998,5541.434731271494
1700000000322070498,sell,0.010958999999999998,12872.589761109466
1700000000322362797,sell,0.010958999999999998,20404.42280176128
1700000000322674448,buy,0.010960999999999999,5463.7865755846915
1700000000323386899,sell,0.010959499999999999,5167.192205108628
1700000000323514375,buy,0.010961499999999999,479.05496120099303
1700000000323784683,sell,0.0109585,2643.8792716523117
1700000000323878827,sell,0.0109585,1871.1964000407424
1700000000324005920,buy,0.010961,2565.1923143182566
1700000000324057965,buy,0.010961,4381.040461901381
1700000000324276464,buy,0.010961,761.0494179521805
1700000000324298352,buy,0.010960000000000001,927.3178926745161
1700000000324348292,buy,0.010961,7555.337305885363
1700000000324386225,buy,0.010961,39642.43043173279
1700000000324655665,sell,0.01096,4366.66976104595
1700000000324988661,sell,0.010959,15075.765379234554
1700000000325356790,sell,0.010961,3126.1145129077318
1700000000325485771,buy,0.010962,2973.2399191707377
1700000000326119878,sell,0.0109585,12064.934092239899
1700000000326203581,sell,0.0109585,6950.145016389231
1700000000326519893,sell,0.010959499999999999,6693.386328635396
1700000000327653365,sell,0.010959499999999999,4141.334760266743
1700000000327675824,sell,0.010959499999999999,7851.532331211603
1700000000328050892,sell,0.010959,3944.5054737108358
1700000000328144249,buy,0.01096,5510.523397518303
1700000000328230048,sell,0.010959,1930.2423141901236
1700000000328387647,sell,0.010959,5500.317573373497
1700000000328450578,sell,0.010959,1859.4027297126627
1700000000328751537,buy,0.01096,4433.154884121995
1700000000328878692,sell,0.010959999999999998,8162.483635178166
1700000000328911485,sell,0.010958999999999998,6356.221487394904
1700000000329741590,buy,0.01096,1413.7813888996038
1700000000329871394,buy,0.010959,4955.42867967562
1700000000329906534,sell,0.010959999999999998,2276.2793422390187
1700000000329944047,buy,0.01096,5185.483239586879
1700000000330318777,buy,0.0109605,8788.78389234998
1700000000330792067,buy,0.010959,3791.7003371495816
1700000000330866061,sell,0.010958999999999998,3853.1213393471235
1700000000331313581,buy,0.01096,22568.460791658188
1700000000331437728,buy,0.01096,10901.615483154423
1700000000331553388,buy,0.010961499999999999,13131.994436573868
1700000000331584396,buy,0.0109605,1925.761538288186
1700000000331663904,sell,0.0109585,9702.36456085069
1700000000332635412,buy,0.0109635,688.4144552132072
1700000000332673818,sell,0.0109605,3373.7677226577066
1700000000332674693,sell,0.0109605,7111.377641612951
1700000000332923259,buy,0.0109635,1998.557214966966
1700000000333125366,buy,0.0109625,12655.848108653518
1700000000333207448,buy,0.0109615,2672.871467723835
1700000000333291645,buy,0.0109625,1254.7680048122127
1700000000333604530,buy,0.010964,16914.15469227872
1700000000333627390,sell,0.010962,1739.557150638453
1700000000333892682,buy,0.010963,1186.8912224841588
1700000000333995477,buy,0.010964,11903.566232908495
1700000000334086027,buy,0.0109635,6730.914558420597
1700000000334384286,sell,0.010962499999999998,8611.355363998759
1700000000334575365,sell,0.010962499999999998,3880.2008519470596
1700000000334741534,buy,0.0109635,5697.324734494653
1700000000334760964,sell,0.010963499999999998,799.8496080972488
1700000000335081764,buy,0.010963,1780.0212365997265
1700000000335357488,buy,0.010963,9441.241410990919
1700000000335857471,sell,0.010962,1865.0643725546
1700000000336185595,buy,0.0109625,12594.09423500197
1700000000336517869,buy,0.010963,6208.52267385241
1700000000336612107,sell,0.010962,14465.296619042112
1700000000336625911,sell,0.010962,3735.457765129923
1700000000337224116,sell,0.0109605,20434.775124252632
1700000000337277127,buy,0.010962499999999998,36976.21822134327
1700000000337480646,sell,0.0109605,5632.023928586233
1700000000337885815,sell,0.0109605,2030.6868596025367
1700000000337959465,buy,0.0109615,3242.835689584661
1700000000338316120,buy,0.0109625,24844.249804218867
1700000000338515461,sell,0.0109605,5669.068490973705
1700000000338547148,buy,0.010960500000000001,14369.4164362734
1700000000338632618,sell,0.010961499999999999,1734.125632762773
1700000000339092289,sell,0.01096,3007.5031201679353
1700000000340062514,sell,0.010961499999999999,7395.926865843897
1700000000340716826,buy,0.0109615,26693.109198615057
1700000000341485183,buy,0.0109615,2449.427594669604
1700000000341673391,buy,0.010960500000000001,3078.537644356172
1700000000341869360,sell,0.0109605,5289.9377417281075
1700000000342307560,sell,0.0109605,3701.884383819206
1700000000342313526,buy,0.010961499999999999,491.84318897744123
1700000000343106485,buy,0.010960000000000001,692.1307857084882
1700000000343470041,sell,0.010960999999999999,3246.3672753388573
1700000000343473652,sell,0.010960999999999999,6625.013341314993
1700000000343865796,buy,0.010962,8473.568371374764
1700000000344285973,sell,0.010959,2327.450259907176
1700000000344367727,buy,0.010962,6558.484310162452
1700000000344482023,buy,0.010962,12600.002425674269
1700000000344916209,sell,0.010960499999999998,5638.426801914907
1700000000345085464,buy,0.0109605,23318.09273657324
1700000000345184953,buy,0.0109595,5982.525553566038
1700000000345238089,buy,0.0109595,4792.389949757361
1700000000345320828,sell,0.010959499999999999,30306.81869064165
1700000000345962396,sell,0.0109605,10243.155240367609
1700000000346179681,buy,0.010960999999999999,2988.1309100964227
1700000000346769881,sell,0.0109585,3929.678405041578
1700000000346968460,sell,0.0109585,10930.792218001254
1700000000347029756,sell,0.0109585,4933.858961497833
1700000000347370309,buy,0.0109595,2707.215528304456
1700000000347694348,buy,0.010961499999999999,14246.147762742277
1700000000347852184,buy,0.010961499999999999,2293.924843080809
1700000000347889095,sell,0.010959499999999999,8370.872315458151
1700000000347920554,sell,0.0109585,10438.286887092205
1700000000347950440,sell,0.010959499999999999,8094.342390936299
1700000000348300281,sell,0.010959,4856.066658461845
1700000000348430696,buy,0.010962,24046.72958692044
1700000000348478554,sell,0.01096,7575.703398723957
1700000000348825436,sell,0.0109605,1136.0863897930767
1700000000349026847,sell,0.010961499999999999,9521.616593056744
1700000000349029102,buy,0.0109615,18890.82142230169
1700000000349055701,buy,0.010960500000000001,5523.582823483348
1700000000349119085,sell,0.0109605,989.5384529707488
1700000000349182110,buy,0.0109615,20778.538253323328
1700000000349193162,sell,0.0109605,8025.303814049678
1700000000349799930,sell,0.010962,529.177969552564
1700000000349911304,sell,0.010961,1232.8177665166552
1700000000350353911,buy,0.0109625,13406.814978401788
1700000000350816064,sell,0.010960999999999999,24496.464959510344
1700000000352448733,sell,0.010962499999999998,28712.71808046553
1700000000352591184,sell,0.010962,2426.404653036508
1700000000352678236,buy,0.010962000000000001,14726.77486809725
1700000000353352794,buy,0.010964,5162.971661842966
1700000000353534829,sell,0.0109645,3207.822485165671
1700000000353691944,buy,0.0109645,1428.5439527338071
1700000000354039687,sell,0.0109645,9690.319969535009
1700000000354169507,sell,0.0109645,3473.519697303295
1700000000354763398,sell,0.010964499999999999,8133.938304583444
1700000000354903575,buy,0.0109645,11477.810669017043
1700000000355861421,sell,0.010964,2686.621600440853
1700000000356787069,sell,0.0109645,9311.779547566268
1700000000356795845,sell,0.010963500000000001,402.3148558268373
1700000000357395335,sell,0.010963,1628.6311942680409
1700000000357395525,buy,0.010966,1248.3702082686284
1700000000357489458,buy,0.010965,3295.996731899364
1700000000357638860,buy,0.010965,1646.9083811627324
1700000000357717921,sell,0.010964,2388.2963256937114
1700000000357809318,sell,0.010964,4058.5644647817526
1700000000358337017,sell,0.010962,5290.561915465127
1700000000358533910,sell,0.0109635,9514.837671897518
1700000000358537424,sell,0.0109635,1708.236210641305
1700000000358703787,sell,0.0109635,19684.469704722367
1700000000359234755,sell,0.010962,2030.560762899597
1700000000359336223,buy,0.010964999999999999,9763.062359525833
1700000000360150265,sell,0.010962499999999998,4602.584142499286
1700000000360635771,sell,0.010961499999999999,3654.847335068302
1700000000360637381,buy,0.010964499999999999,918.1944268757196
1700000000361182087,sell,0.010960999999999999,4119.961594767848
1700000000361484317,buy,0.010961,5374.2047051336895
1700000000361627232,buy,0.010962000000000001,4844.048507080022
1700000000361738013,buy,0.010962000000000001,9859.829501558686
1700000000362244039,sell,0.010962,6233.671748804303
1700000000362402350,buy,0.010963,36764.799154505905
1700000000362478108,sell,0.010962,5277.328677889971
1700000000362505299,buy,0.0109625,50264.94822246822
1700000000362647575,sell,0.010962499999999998,4958.5852881507535
1700000000362872487,buy,0.0109625,1808.0843402449561
1700000000363035626,sell,0.0109635,13218.617186251966
1700000000363420543,sell,0.0109635,826.4175205804096
1700000000363669389,sell,0.010964499999999999,2220.836772368081
1700000000363764712,buy,0.0109645,2691.2804561568823
1700000000363884817,buy,0.0109645,6717.947140636005
1700000000364087727,buy,0.010963999999999998,3311.199906760249
1700000000364290488,buy,0.010963999999999998,3718.1175262010106
1700000000364316493,sell,0.010962999999999999,25877.97797447041
1700000000364573198,sell,0.010962,1532.6757556832479
1700000000364730404,buy,0.010963,9538.930838419466
1700000000365194581,sell,0.010962499999999998,28319.005513311742
1700000000366209066,sell,0.010961,6126.170445742024
1700000000366384773,buy,0.010962999999999999,2089.1813751483087
1700000000366865770,sell,0.0109605,19379.436758537217
1700000000366906738,buy,0.0109615,8561.52610175094
1700000000367255881,sell,0.0109595,8906.372907794295
1700000000367445982,sell,0.0109595,497.1044526924674
1700000000368242309,sell,0.010959,2765.898267269816
1700000000368630361,buy,0.010961,22664.336811909918
1700000000368718033,sell,0.01096,4436.356445652771
1700000000368907099,sell,0.01096,4181.954855472465
1700000000369274231,buy,0.010960999999999999,3838.456731860047
1700000000369763618,sell,0.010959499999999999,10640.447507634603
1700000000369858390,sell,0.010959499999999999,2997.2053015183524
1700000000369881048,buy,0.0109605,5344.87015035521
1700000000370991287,sell,0.010957999999999999,20516.64097638512
1700000000371357202,buy,0.010958500000000001,14832.733741786262
1700000000371412028,sell,0.0109585,13252.71768896429
1700000000371675443,buy,0.01096,8578.533797970013
1700000000372022703,sell,0.010958999999999998,6309.4336170785145
1700000000372116154,buy,0.01096,9830.838409560449
1700000000372446966,buy,0.010959,2628.9046946059966
1700000000372672321,buy,0.010960000000000001,19532.78058534721
1700000000372699731,buy,0.010961,19209.13763083919
1700000000373196581,sell,0.010960999999999999,9230.593124842258
1700000000373336108,sell,0.010960999999999999,3102.7273756965806
1700000000373521188,sell,0.010961499999999999,2551.362247422975
1700000000373528275,sell,0.010961499999999999,35390.0356629605
1700000000374844931,sell,0.010961499999999999,2792.629798682513
1700000000375080775,buy,0.0109635,4001.5291414380163
1700000000375493425,sell,0.0109605,3875.254438109082
1700000000375706139,buy,0.0109625,7300.283449126585
1700000000375793346,buy,0.0109625,5736.895050014155
1700000000375975747,buy,0.0109615,3233.2271072289395
1700000000376021343,sell,0.010961499999999999,7463.3216089235275
1700000000377061689,sell,0.01096,4058.723739044043
1700000000377359338,sell,0.01096,5024.626270471763
1700000000377576251,buy,0.010962499999999998,8586.94023582717
1700000000377599070,sell,0.010961499999999999,5361.739353019887
1700000000377998977,sell,0.0109605,6541.091648160854
1700000000378072925,sell,0.0109605,2881.242996332442
1700000000378228136,sell,0.0109605,1448.4300320745606
1700000000378281915,sell,0.0109605,2354.5639047884397
1700000000378502441,buy,0.0109615,608.9664262449905
1700000000378534734,sell,0.0109605,7175.813737768238
1700000000379170737,buy,0.0109625,5456.835442207344
1700000000379646873,sell,0.010961499999999999,1401.880834295565
1700000000379793737,sell,0.010961499999999999,337.22593358449
1700000000379802797,buy,0.0109625,1151.3519000387203
1700000000379810730,buy,0.0109625,15242.91940419376
1700000000379924849,buy,0.0109625,587.3702918997791
1700000000379970516,buy,0.0109625,4137.54776925765
1700000000380793723,sell,0.010962499999999998,1438.7057310426285
1700000000381009991,buy,0.010963,4403.616839357608
1700000000381117560,buy,0.010964,13048.607517917193
1700000000381444888,sell,0.010961,1790.2307401845335
1700000000381616941,buy,0.0109615,6550.801647033357
1700000000381941634,sell,0.010961499999999999,2162.127172973047
1700000000382161514,buy,0.010962999999999999,9603.792932805898
1700000000382401055,sell,0.010961,5204.835331413699
1700000000382454971,buy,0.010962999999999999,13987.03904368457
1700000000382479210,buy,0.010962999999999999,2198.5485420414147
1700000000382494272,buy,0.010962999999999999,3105.515156201414
1700000000382558609,sell,0.010962,961.0112132200404
1700000000382682497,sell,0.010962,2773.352374782356
1700000000383047968,buy,0.010963,23435.87702762119
1700000000383066136,sell,0.010962,2350.9528017154894
1700000000383105041,sell,0.010962,11350.950696042471
1700000000383574957,buy,0.010962000000000001,7567.0738885261435
1700000000383850391,buy,0.010963,19899.983334428412
1700000000384030852,sell,0.010962999999999999,7705.089587050533
1700000000384455650,sell,0.010962,6722.903596694751
1700000000385142648,sell,0.010962499999999998,5405.002003032377
1700000000385579152,buy,0.0109625,3852.7150001300283
1700000000385788377,buy,0.0109635,8398.845017420315
1700000000385890758,buy,0.0109635,5283.856535513479
1700000000386009000,sell,0.010963999999999998,17313.783460908744
1700000000386043277,sell,0.010962999999999999,5126.193419552313
1700000000386230793,buy,0.010964,8055.858510082715
1700000000387093222,sell,0.010961,7394.609252243887
1700000000387292337,sell,0.010962,6075.81853567368
1700000000387465222,sell,0.010962,768.1039464051311
1700000000387473791,buy,0.010962,1623.5380440143017
1700000000387805096,sell,0.010961,4928.7716573717325
1700000000387982049,sell,0.010961,4556.781410045867
1700000000388472757,buy,0.0109625,913.1341573495693
1700000000388731179,buy,0.010963,6138.923807822549
1700000000389065419,sell,0.010962,2201.226829058786
1700000000389193613,sell,0.010962,3643.2224642481983
1700000000390591430,sell,0.010962,8211.869637453818
1700000000390631593,sell,0.010962,9734.149556805089
1700000000391348518,sell,0.010962,6823.4670393191
1700000000391623666,buy,0.010964,4728.328769959658
1700000000391684162,buy,0.010963,1615.3179754150601
1700000000391745381,buy,0.010964,18444.79813971526
1700000000392081248,sell,0.0109605,12704.140004119176
1700000000392612688,sell,0.0109605,2189.9806954708724
1700000000392677855,sell,0.0109605,3266.720899014355
1700000000393743246,sell,0.010959499999999999,966.4461688875901
1700000000394401995,sell,0.010959499999999999,8740.15168736536
1700000000394459955,sell,0.010959499999999999,11440.906292411099
1700000000394640804,sell,0.010959499999999999,13623.571479710607
1700000000394713218,buy,0.0109595,11619.674419145094
1700000000394966788,sell,0.010959499999999999,6961.485386882832
1700000000395347863,buy,0.0109605,10806.211505405132
1700000000395462620,buy,0.0109605,5392.7716008700645
1700000000395471435,buy,0.0109605,8377.631867462283
1700000000395487624,buy,0.0109605,1410.7064465501294
1700000000395622979,buy,0.010962,17151.37521716854
1700000000395864268,buy,0.010962,6166.858399530185
1700000000396974842,buy,0.0109605,8255.693673232068
1700000000397555975,sell,0.010958999999999998,5740.7428687612755
1700000000397883930,sell,0.010959999999999998,1231.6541629954488
1700000000398098040,buy,0.010959,2393.6439312237494
1700000000398363981,sell,0.010957999999999999,134270.33231226107
1700000000398877026,sell,0.0109585,1945.1044802326703
1700000000399167338,buy,0.010959,7046.683834053734
1700000000399228136,buy,0.010959,6955.4053223136725
1700000000399477785,sell,0.010957999999999999,3587.032330839053
1700000000399689778,sell,0.010957,939.444361513448
1700000000400558521,sell,0.010957499999999998,1756.7493103325978
1700000000401744081,sell,0.010957499999999998,10171.254322271534
1700000000401847665,sell,0.010957499999999998,1754.7315517917832
1700000000402274850,buy,0.010959,5182.323710021392
1700000000403020308,sell,0.0109585,8511.736453879299
1700000000403250284,sell,0.010959499999999999,5140.507994991548
1700000000403681829,sell,0.010958999999999998,1708.0101683766072
1700000000404005038,sell,0.010959999999999998,7458.166173194945
1700000000404291835,buy,0.01096,2295.988375953661
1700000000404775304,buy,0.010960499999999998,4892.826980963091
1700000000404960480,sell,0.010959499999999999,8219.633689297258
1700000000405161455,sell,0.010958,2491.121062161433
1700000000405164551,sell,0.010958,1074.4277269536235
1700000000405211435,sell,0.010959,6207.420713974896
1700000000405505132,buy,0.01096,1994.1522920817688
1700000000405650461,sell,0.010959,4609.633433223236
1700000000405946551,buy,0.01096,8838.506363589158
1700000000406002040,buy,0.010959,6769.919795114248
1700000000406199185,buy,0.010959,12926.434355814594
1700000000407535911,buy,0.0109595,2897.332427336095
1700000000407863704,buy,0.010958500000000001,70624.04087111627
1700000000408025957,sell,0.0109575,40078.07347892369
1700000000408031772,buy,0.0109605,3411.7692455791434
1700000000408078560,sell,0.0109575,4537.750858778718
1700000000408176830,buy,0.0109605,1648.6818764439681
1700000000408352329,sell,0.0109575,7729.674724637997
1700000000408540334,buy,0.010958,810.0638389628351
1700000000408594937,sell,0.010957999999999999,23591.459798542048
1700000000408944021,buy,0.010959,3237.3137346367303
1700000000409075882,buy,0.0109585,2350.1753986913345
1700000000409189452,buy,0.0109585,8891.374616551208
1700000000409197295,buy,0.0109585,6342.127842466488
1700000000409780485,sell,0.010957,1857.9279571146544
1700000000409941940,buy,0.010958,7001.448209285803
1700000000410008760,sell,0.010957,5324.005141877643
1700000000410900262,sell,0.010956,6615.366590662314
1700000000411239881,buy,0.0109575,3607.4746328691062
1700000000411349894,buy,0.0109575,3601.661435950135
1700000000411533040,sell,0.0109565,26012.80282675573
1700000000411571789,sell,0.010957499999999998,891.6168281475676
1700000000412251563,buy,0.0109585,924.8335746904563
1700000000412623539,buy,0.010957,17522.898383501248
1700000000412659621,sell,0.010956999999999998,8910.120291262307
1700000000412771872,sell,0.010955999999999999,23555.85125662062
1700000000412793625,buy,0.010957,1925.3131131760454
1700000000413036890,sell,0.0109555,35259.54155315613
1700000000413220115,sell,0.0109555,9623.142572484076
1700000000413271459,sell,0.0109565,9944.909916543356
1700000000413291195,sell,0.0109555,3771.338311824145
1700000000414173584,buy,0.01096,6081.184279330052
1700000000414539345,sell,0.010957999999999999,12235.305516770135
1700000000415099246,sell,0.010957999999999999,7171.918632301659
1700000000415169689,buy,0.010958,12226.558539703792
1700000000415224807,sell,0.010957,5983.493994563373
1700000000415831919,buy,0.010958,4912.144825501989
1700000000416018785,buy,0.010958,1744.8276290770789
1700000000416030166,sell,0.010957999999999999,2023.9879274476123
1700000000416898113,sell,0.0109565,5356.125255348152
1700000000417262263,sell,0.010957,5213.883248855581
1700000000417449230,sell,0.010957,31002.812820769635
1700000000417985760,buy,0.010957999999999999,8389.957719094638
1700000000418379864,sell,0.010956999999999998,1335.7637167002026
1700000000418674551,buy,0.010957499999999998,2271.951432093806
1700000000418886159,buy,0.010957499999999998,8147.948069412148
1700000000418916377,buy,0.010957499999999998,21007.90936833762
1700000000418963610,buy,0.010957499999999998,2189.777414289598
1700000000419266553,sell,0.0109545,2304.839724265537
1700000000419327494,sell,0.0109555,13018.12540738975
1700000000419600280,sell,0.0109535,20326.4625720154
1700000000419635491,sell,0.010954499999999999,2974.8922356061657
1700000000419787822,sell,0.010954499999999999,6172.425783328884
1700000000419880442,sell,0.0109535,3930.8571639657607
1700000000420160842,buy,0.0109545,10359.974888124709
1700000000420357226,sell,0.010954499999999999,3299.3383770425276
1700000000420536385,sell,0.010952,9935.151414153388
1700000000420821489,sell,0.010953,4797.983170070453
1700000000420883016,buy,0.010954,1551.871370950362
1700000000421504821,sell,0.010953,3944.7858867969735
1700000000421591707,buy,0.010954,2994.2486429765804
1700000000421598786,buy,0.010954,9697.383650231712
1700000000421709510,sell,0.010953999999999998,4603.106633493337
1700000000421776549,sell,0.010953,1363.1001075429479
1700000000421814362,buy,0.010953000000000001,10136.075954825308
1700000000421865603,buy,0.010954,5297.08785387634
1700000000422198479,buy,0.010953,23881.568873354936
1700000000422266500,buy,0.010952,5727.630169931757
1700000000422323638,buy,0.010952,6420.15944684945
1700000000422396250,buy,0.010953,18681.595234589546
1700000000422623195,sell,0.010950999999999999,5042.946304548953
1700000000423083850,sell,0.010953499999999998,2098.4200378344885
1700000000423246628,sell,0.010952499999999999,3781.7793311171577
1700000000423550537,buy,0.0109535,46795.33946835088
1700000000423551490,buy,0.0109525,204927.57980911044
1700000000423564216,buy,0.0109535,2547.6489803418053
1700000000423607999,sell,0.010952499999999999,10228.987172577827
1700000000423798319,sell,0.010952499999999999,3427.1770515531666
1700000000424206625,sell,0.010953499999999998,6838.826835304856
1700000000424868313,sell,0.010952499999999999,13400.32150247099
1700000000425123336,sell,0.010952499999999999,4346.453849804584
1700000000425165523,sell,0.010952499999999999,9092.491649178392
1700000000425340818,buy,0.0109535,8349.784700599414
1700000000425600613,sell,0.010950999999999999,438.28734170397877
1700000000425667958,sell,0.010950999999999999,1891.7801311726919
1700000000425701077,sell,0.010951999999999998,4049.0403873468854
1700000000425857214,sell,0.010950999999999999,1226.4231356861078
1700000000425870814,sell,0.010950999999999999,17876.85194373629
1700000000425972826,sell,0.010950999999999999,11954.26981817485
1700000000426012196,sell,0.0109505,83090.69306139754
1700000000426634879,sell,0.010950999999999999,2782.810622949035
1700000000426748905,sell,0.010950999999999999,4306.6419000428805
1700000000426922914,sell,0.010950999999999999,2129.17303415946
1700000000426946624,buy,0.010952,1117.1912028167824
1700000000427444583,sell,0.010952999999999997,11246.522122568897
1700000000427625477,sell,0.010951999999999998,3128.4805732695654
1700000000427884747,buy,0.010953,1193.040279828619
1700000000427945836,buy,0.010953,17813.334533479992
1700000000428084879,buy,0.0109535,1237.183741484749
1700000000428161389,sell,0.010952499999999999,3796.5360365358333
1700000000428249685,sell,0.010952499999999999,7357.917993387978
1700000000428449621,buy,0.0109535,16801.8415590305
1700000000428688911,buy,0.0109525,7689.311458855553
1700000000428723145,sell,0.010953499999999998,4287.066026228821
1700000000429326291,buy,0.010953000000000001,3177.0174955244506
1700000000429743144,buy,0.0109535,2978.6802164569312
1700000000429790793,sell,0.010953499999999998,3797.361766280619
1700000000429955675,buy,0.0109525,13586.911109696925
1700000000429957012,buy,0.0109525,12190.832216075327
1700000000430569416,sell,0.010954,3243.6479705507845
1700000000431463279,buy,0.010955,9818.878744973228
1700000000431774375,buy,0.010954,1691.7653101837889
1700000000432162361,sell,0.010953999999999998,2736.9471205698514
1700000000433797469,buy,0.0109545,1960.0866966070148
1700000000433883901,sell,0.010954499999999999,4131.227091465241
1700000000434350093,sell,0.0109525,3093.235050662961
1700000000434462497,buy,0.0109555,2643.6062633235492
1700000000434832337,sell,0.010953000000000001,5592.454183960685
1700000000434842808,sell,0.010953000000000001,3055.0517230586443
1700000000434863114,sell,0.010953000000000001,2231.792829122834
1700000000434894583,sell,0.010953000000000001,9388.315060196614
1700000000435020770,sell,0.0109535,2731.709116714655
1700000000435148510,sell,0.010954499999999999,6784.829122703839
1700000000435305627,sell,0.0109535,11902.752543622973
1700000000435526577,sell,0.010953000000000001,28701.870316059005
1700000000436832731,sell,0.010953999999999998,11128.449035962223
1700000000436833728,buy,0.010955,13494.971817891972
1700000000436873527,sell,0.010954999999999998,9046.509608240754
1700000000436928697,buy,0.010955,849.3670683350966
1700000000437561726,sell,0.010953999999999998,7648.87677542137
1700000000438257305,buy,0.0109555,15885.980358449271
1700000000438514013,sell,0.010955499999999998,9039.597131747423
1700000000438635285,sell,0.010955499999999998,3751.1832153115156
1700000000438767960,buy,0.0109565,6468.520535830101
1700000000439237242,sell,0.010955999999999999,5540.817567565976
1700000000439530995,sell,0.010955999999999999,10572.157863882976
1700000000439626939,buy,0.010956,657.9458210779002
1700000000440229121,sell,0.010955999999999999,7205.270309101759
1700000000440453081,buy,0.010957,9686.85620810789
1700000000440613647,sell,0.010956500000000001,18444.439468361034
1700000000440665515,buy,0.0109585,916.0810953889246
1700000000440692731,sell,0.010956500000000001,2168.679208498147
1700000000440918039,sell,0.010956500000000001,6718.68751354191
1700000000441071268,sell,0.010956,4065.6239416233648
1700000000441361322,buy,0.010957999999999999,5255.0157044615535
1700000000441414564,sell,0.010956,4272.328118796551
1700000000441763637,buy,0.0109585,8662.464283892292
1700000000441833176,buy,0.0109575,5315.264553656472
1700000000442039785,sell,0.010957,5263.016863067396
1700000000442105544,buy,0.010958,2256.8977127788503
1700000000442317663,buy,0.010958,604.5651752120459
1700000000442395541,sell,0.010957,4567.302089057617
1700000000442813118,sell,0.010956,20781.98339634645
1700000000442890925,sell,0.010956,3622.5854570612655
1700000000443023952,sell,0.010957,5746.464357652892
1700000000443186200,buy,0.010958,2495.3018285678068
1700000000443533095,sell,0.010957,2428.099045909526
1700000000443578552,buy,0.010958,10711.944284940093
1700000000443690200,sell,0.010957,5548.892406892416
1700000000443806044,sell,0.010957999999999999,15569.408304728582
1700000000443972052,sell,0.010957,5073.998429348559
1700000000444054588,buy,0.010958,2071.3382547061947
1700000000444133022,buy,0.010958,6793.604870840377
1700000000444266638,buy,0.010957000000000001,2239.91952509014
1700000000444351009,buy,0.010958,29455.79436735436
1700000000444472590,buy,0.010957000000000001,7468.028053239258
1700000000444474199,sell,0.010957,4629.910521024097
1700000000444530750,buy,0.010958,5581.80105873379
1700000000444682211,buy,0.010958,20183.642941831313
1700000000445080697,sell,0.010957,695.2754097324583
1700000000445758784,buy,0.0109575,15720.607895282334
1700000000446027267,buy,0.0109575,15175.69670653774
1700000000446155336,buy,0.0109575,6378.29271535487
1700000000446301088,buy,0.010956500000000001,2999.49132890689
1700000000446364997,buy,0.0109575,7596.858475462295
1700000000446581845,buy,0.010958,2455.803265382458
1700000000446738064,buy,0.010958,7866.226387219764
1700000000446874453,buy,0.010958,35796.91124689842
1700000000446960419,buy,0.010957000000000001,42322.57763808471
1700000000448101488,sell,0.0109555,8018.282679127084
1700000000448172006,sell,0.0109555,18581.2921165309
1700000000448560744,buy,0.010956,2572.4353955199226
1700000000449459070,buy,0.010957999999999999,1020.3252860498676
1700000000450099351,sell,0.010955999999999999,5251.699264782787
1700000000450414321,buy,0.010957,904.3099958912459
1700000000450727971,buy,0.0109585,3213.6038275343685
1700000000450886903,buy,0.0109585,7051.720540364057
1700000000451015765,buy,0.0109595,29783.289143537844
1700000000451078593,buy,0.0109595,12093.618275489178
1700000000451527781,buy,0.010959499999999999,17342.19122528387
1700000000452436123,sell,0.0109585,12780.97629194736
1700000000452764008,sell,0.0109585,914.2109843338018
1700000000453309277,buy,0.01096,1611.0795427053574
1700000000453913314,buy,0.0109595,39376.41175888766
1700000000454734185,buy,0.0109595,4019.5950185861884
1700000000454927793,sell,0.010959499999999999,9368.382270028704
1700000000455504283,buy,0.010962,4984.343633139968
1700000000455589051,sell,0.010959,1152.7345430428334
1700000000455790172,sell,0.01096,3673.2944157583074
1700000000456021906,buy,0.010961499999999999,2015.064892631463
1700000000456239706,sell,0.0109595,11473.9752010692
1700000000456610806,buy,0.0109605,298.8472060357722
1700000000456698556,sell,0.010959499999999999,3186.9954978327355
1700000000456879541,buy,0.0109605,3583.887733559701
1700000000456910245,sell,0.010959499999999999,15706.451006818112
1700000000457232097,sell,0.010960999999999999,23729.069561730557
1700000000457444972,buy,0.010961,5475.778914043804
1700000000457795897,buy,0.010961499999999999,5199.861390432477
1700000000457925603,buy,0.010961499999999999,7333.42966015898
1700000000458001798,sell,0.01096,2627.7499922209195
1700000000458049358,buy,0.010961,841.7223340904944
1700000000458250711,sell,0.010960999999999999,1807.960531854714
1700000000458359043,sell,0.01096,8853.998597876312
1700000000458537319,buy,0.010960500000000001,1433.1557135952874
1700000000459019821,buy,0.010961,22931.973970223116
1700000000459026141,sell,0.01096,5154.854098466878
1700000000459083314,buy,0.010961,3119.867917907397
1700000000459364066,buy,0.010961,29633.31207325131
1700000000459816045,buy,0.01096,72461.59719458816
1700000000460396130,buy,0.0109605,1422.860623686281
1700000000460480692,buy,0.0109595,789.2405550387853
1700000000460922971,sell,0.01096,6733.4840673567405
1700000000461070571,sell,0.01096,7473.671802257174
1700000000461076874,buy,0.010961,2388.773705110353
1700000000461578633,buy,0.010961,24284.4999704606
1700000000461999739,buy,0.010960000000000001,12463.638147447133
1700000000462199833,sell,0.0109605,9279.643774536404
1700000000462271138,sell,0.0109605,13467.90647315208
1700000000462294102,buy,0.0109615,8410.081475536925
1700000000462348491,sell,0.0109605,9400.143471418301
1700000000462915369,buy,0.0109625,5581.7343979430125
1700000000463268195,sell,0.010960999999999999,2944.3506960224763
1700000000463365327,buy,0.010961,1711.1200810818987
1700000000463566802,sell,0.010959,1856.9365266476568
1700000000465372429,buy,0.010961,20634.96582793909
1700000000465646056,sell,0.010959,18034.907737783484
1700000000466323927,sell,0.010959499999999999,3923.547635232703
1700000000466462525,sell,0.010959499999999999,9989.901919374892
1700000000466464927,sell,0.010959499999999999,3710.6033355135446
1700000000466761384,sell,0.01096,4391.953264707734
1700000000466863926,buy,0.010961,7878.033743258372
1700000000466944985,buy,0.010961,22150.93349072817
1700000000467102944,buy,0.010960000000000001,7328.937569855492
1700000000467269293,sell,0.01096,5621.712597536939
1700000000467426708,buy,0.010961,3016.023451270431
1700000000467633292,buy,0.0109605,1348.2716843464982
1700000000467953638,sell,0.010959499999999999,4372.533916280229
1700000000468016147,buy,0.0109595,3536.041639263621
1700000000468384066,buy,0.0109605,1939.844468600426
1700000000468733093,buy,0.010961,3627.727321412254
1700000000468805500,sell,0.01096,15318.463537127409
1700000000468831821,buy,0.010961,21394.928437418235
1700000000468929023,sell,0.01096,817.5065057338122
1700000000469120777,buy,0.010962,13906.344837923589
1700000000469199869,sell,0.010960000000000001,20017.5174371056
1700000000469441770,sell,0.010960000000000001,7825.588475108678
1700000000470038198,sell,0.0109605,4366.768788611437
1700000000470262258,sell,0.010961499999999999,5212.9542958325455
1700000000470464730,buy,0.010960500000000001,956.4660307967243
1700000000470996442,buy,0.010960500000000001,1621.8428478434173
1700000000471124667,sell,0.010960000000000001,3876.110384416647
1700000000471505055,sell,0.0109605,1013.6829522697915
1700000000471738991,sell,0.0109595,4255.275579882787
1700000000471935696,buy,0.0109625,2713.656680123129
1700000000472105200,sell,0.010961499999999999,10492.865013736371
1700000000472328087,buy,0.0109615,13720.942255154607
1700000000472465144,sell,0.010961499999999999,4465.1806303869635
1700000000472557302,buy,0.0109615,6185.874695199351
1700000000472815870,buy,0.010960500000000001,9840.008009614632
1700000000472831406,sell,0.010961499999999999,10039.875346698866
1700000000474081847,buy,0.010960000000000001,4365.988283711571
1700000000474305908,sell,0.01096,2198.748242218493
1700000000474318577,sell,0.01096,3680.918555185683
1700000000474449704,sell,0.01096,8824.351145945202
1700000000474577685,sell,0.0109595,3216.129169831874
1700000000474951258,buy,0.010961499999999999,1640.0622908422997
1700000000474970920,sell,0.0109595,10522.92405153948
1700000000475062091,buy,0.0109595,19046.16683063146
1700000000475079024,sell,0.010959499999999999,15204.517572459657
1700000000475103793,buy,0.0109605,782.0178713303337
1700000000475270563,buy,0.0109605,13861.13261811147
1700000000475457963,sell,0.010959499999999999,4129.129208044188
1700000000475655020,buy,0.010961499999999999,1122.4141915570972
1700000000476023240,buy,0.010961,1445.1171078667378
1700000000476635887,sell,0.0109605,3940.0738438167314
1700000000476734189,buy,0.0109615,8108.871044842876
1700000000476736605,buy,0.0109615,5607.680994052509
1700000000476997755,buy,0.0109615,6212.607654883734
1700000000477450679,buy,0.0109625,8746.328931606688
1700000000477514303,sell,0.010961499999999999,4185.217537781252
1700000000478008565,sell,0.010962499999999998,3075.195215634226
1700000000478930691,sell,0.010962,2158.1975548794485
1700000000479002973,buy,0.010962999999999999,2445.1621088953757
1700000000479094204,buy,0.010963999999999998,54459.52244714455
1700000000479331084,buy,0.010963999999999998,2186.4366336896305
1700000000479365709,buy,0.010963999999999998,6467.4157496667085
1700000000479453626,sell,0.010962,18453.87003405432
1700000000479627155,buy,0.010964499999999999,1492.4782238185405
1700000000480279251,buy,0.0109655,28908.884674341767
1700000000480334808,sell,0.0109635,8540.646873691257
1700000000480517130,buy,0.0109655,10954.732276532734
1700000000480557669,sell,0.010964499999999999,3717.562560799241
1700000000480561198,buy,0.0109645,2461.867708919042
1700000000480990092,sell,0.010964499999999999,20044.29310658273
1700000000481125792,buy,0.0109645,2342.3834064100843
1700000000481165335,sell,0.0109635,7052.328715656266
1700000000481526630,buy,0.010964,2086.603402273637
1700000000482590512,buy,0.0109645,31926.68426840963
1700000000483032253,buy,0.0109655,2304.195359073995
1700000000483042998,sell,0.0109645,1418.4567590532802
1700000000483076538,buy,0.0109655,6035.296932396145
1700000000483085922,buy,0.0109655,1584.9562646800218
1700000000483100198,sell,0.010963500000000001,480.03711405044726
1700000000483548800,buy,0.010965,1640.815735246778
1700000000483720102,buy,0.010965,8203.758780899709
1700000000483803454,buy,0.010965,16847.39281158944
1700000000483977931,sell,0.010964,790.0955958153362
1700000000484011216,buy,0.010965,1142.2850460820982
1700000000484189483,buy,0.010964000000000002,4969.391040283651
1700000000484366130,sell,0.010964,10365.940050910542
1700000000484418700,buy,0.010965,66297.19047610153
1700000000484789644,sell,0.010964499999999999,5040.608965400481
1700000000484947886,sell,0.0109635,4289.0269633345415
1700000000485045301,sell,0.010964499999999999,3123.938807596519
1700000000485367732,sell,0.010964499999999999,10565.486403010817
1700000000485428474,buy,0.0109645,350.1850660902299
1700000000485600477,buy,0.010966,6587.286768488207
1700000000486508546,sell,0.010963,7361.6892066124565
1700000000486585047,sell,0.010963,3434.524988541082
1700000000486827654,sell,0.010963,9997.790638989383
1700000000486973243,sell,0.010963,9831.087399010301
1700000000487006388,sell,0.0109635,3032.0840210852816
1700000000487153922,buy,0.0109645,7963.328525016221
1700000000487220232,buy,0.0109645,6106.21840502484
1700000000488037056,sell,0.010963,4560.550312661905
1700000000488077361,buy,0.010965,1874.2410144137643
1700000000488351773,sell,0.010963,2065.611304330883
1700000000488409717,sell,0.010964,3955.6897900261843
1700000000488446057,sell,0.010963,5065.2737746142875
1700000000488869293,buy,0.010964999999999999,2526.691997235394
1700000000488936172,buy,0.010964,9051.639276736778
1700000000489284845,sell,0.0109635,3749.9463137337807
1700000000489380745,buy,0.0109645,4169.952730826277
1700000000489511419,sell,0.0109635,5397.058698738089
1700000000489645775,sell,0.010964499999999999,8042.584622439905
1700000000489646191,sell,0.0109635,6474.130434367288
1700000000489804790,buy,0.0109645,7409.2312224001025
1700000000490613404,sell,0.010962,2892.08877139131
1700000000490730820,buy,0.010964,2655.1861931754806
1700000000491271639,buy,0.0109635,14268.934790150137
1700000000491707812,sell,0.010962499999999998,11112.827598545871
1700000000492447318,sell,0.010962999999999999,1084.221768556739
1700000000492525172,buy,0.0109635,22180.867522966786
1700000000492720012,buy,0.0109635,3050.693989365415
1700000000492864414,buy,0.0109625,6814.013848772558
1700000000492936905,sell,0.010962499999999998,10891.388616185637
1700000000493126552,buy,0.010964,6265.70103326536
1700000000493410469,sell,0.010962999999999999,11805.916921602495
1700000000493712393,sell,0.010962999999999999,5893.689090812473
1700000000493943940,buy,0.010964,8683.001192648662
1700000000494061264,buy,0.0109635,3734.3672521692256
1700000000494128956,sell,0.0109625,8893.178561603032
1700000000494511784,sell,0.0109625,3285.10382088675
1700000000494652828,buy,0.0109655,2124.7432230298637
1700000000495422373,sell,0.010964,15341.738647125972
1700000000495938459,sell,0.010964,1429.6592952822857
1700000000495955277,sell,0.010964,7225.526286895891
1700000000496145433,sell,0.0109635,8252.186776695085
1700000000496508134,sell,0.0109635,9223.579033454616
1700000000497068153,sell,0.010964499999999999,6921.662338325786
1700000000497574026,buy,0.010963,3392.583720660695
1700000000497663229,sell,0.010962999999999999,6329.648543089549
1700000000497882570,buy,0.010964,1753.8342131899055
1700000000498001498,sell,0.010964499999999999,11256.171141315599
1700000000498070268,sell,0.0109635,5699.0719171732435
1700000000498389381,buy,0.010963500000000001,3730.64119216855
1700000000498918596,sell,0.0109625,7190.083553809518
1700000000499042229,sell,0.010964,12047.31859613797
1700000000499086714,sell,0.010964999999999999,7391.378760630284
1700000000499223036,buy,0.010965,29166.151453520713
1700000000499290221,sell,0.010964999999999999,2214.6754824685477
1700000000500084122,sell,0.010963,1166.8352028232212
1700000000500299951,sell,0.010963,2884.6682491217143
1700000000500580726,buy,0.0109645,5014.7895461830885
1700000000500831671,sell,0.0109635,16696.236532620675
1700000000500855945,buy,0.0109645,11656.780527091776
1700000000500864251,sell,0.010964499999999999,13460.071684403634
1700000000501228177,sell,0.0109635,15524.630656077125
1700000000501277634,buy,0.0109645,5579.680352650603
1700000000501450761,buy,0.0109645,1581.407576893903
1700000000501987645,sell,0.010964,4978.63750319557
1700000000502256233,sell,0.010964499999999999,608.9370626437619
1700000000502749385,buy,0.0109665,14472.462847822582
1700000000502878359,buy,0.0109665,10618.206541809068
1700000000503610282,sell,0.010966499999999999,1191.085949896643
1700000000503622199,buy,0.010967499999999998,11588.598304262672
1700000000504196244,sell,0.0109645,813.3146449231276
1700000000504396660,sell,0.0109645,23241.679738669463
1700000000504413181,buy,0.0109675,14620.28162807708
1700000000504910831,buy,0.010967,19292.080494002923
1700000000505001591,sell,0.010965999999999998,6912.355375381623
1700000000505161109,buy,0.010967,4661.562440384009
1700000000505384295,buy,0.010967,10807.168250902112
1700000000505925472,buy,0.010966,6083.847203595301
1700000000506203345,buy,0.0109665,4408.0276184992235
1700000000506240369,buy,0.0109675,5422.077381370321
1700000000506252703,buy,0.0109675,1416.3693228371167
1700000000506287597,sell,0.0109645,5924.983855117547
1700000000506550612,sell,0.010964999999999999,5931.275882813194
1700000000507331148,sell,0.010964499999999999,3302.5163541995403
1700000000507694797,buy,0.0109645,1509.460427225259
1700000000507779172,sell,0.0109635,3178.3442743249066
1700000000507903937,sell,0.010964499999999999,2101.462975873554
1700000000508058478,sell,0.010964,1910.0548626710151
1700000000508372655,buy,0.010964000000000002,42594.84324439351
1700000000508469779,buy,0.010965,11785.061144210706
1700000000508848325,buy,0.010963500000000001,1707.2196916088217
1700000000508859957,buy,0.0109645,2992.66592881594
1700000000508891750,sell,0.010964499999999999,9825.716021633172
1700000000509363752,sell,0.010963999999999998,16212.701102837134
1700000000509565082,buy,0.010964,8728.895420853163
1700000000509841877,sell,0.010962999999999999,730.0235481158195
1700000000510132111,buy,0.010964999999999999,11169.141873816627
1700000000510648480,sell,0.010962499999999998,4051.1524812289226
1700000000511185034,sell,0.010961499999999999,1622.0248657467378
1700000000511234756,sell,0.010962499999999998,9910.38772731301
1700000000511422490,buy,0.0109625,6496.617708864823
1700000000511487734,sell,0.010961499999999999,1709.155548302573
1700000000512014161,buy,0.010962,3657.161001372742
1700000000512074790,sell,0.010959,9381.63023327845
1700000000512232516,sell,0.010959,4976.646672010834
1700000000512284345,sell,0.010959,1215.7174542830905
1700000000512357992,sell,0.010959,21718.258323280566
1700000000512434428,sell,0.010959,5117.271277000218
1700000000512468990,buy,0.010962,12681.064785193961
1700000000512720319,buy,0.010960999999999999,2846.0235273389394
1700000000512955298,buy,0.010960999999999999,9637.541217266658
1700000000512983153,buy,0.010960999999999999,15792.333471431975
1700000000513060746,sell,0.0109595,5200.866872525776
1700000000513372063,sell,0.0109595,1626.5927145043781
1700000000513462361,buy,0.010961499999999999,2213.6162034245517
1700000000513521295,buy,0.01096,8078.002111482644
1700000000513726063,buy,0.010960999999999999,6846.608273535806
1700000000514573032,buy,0.0109605,6208.194240603268
1700000000514737153,buy,0.0109605,20366.984831647434
1700000000514811499,sell,0.010960499999999998,614.6866788512356
1700000000515210712,sell,0.0109585,4565.603335393979
1700000000515387752,sell,0.0109585,1577.66095170117
1700000000515678767,buy,0.0109595,18600.655142793785
1700000000515782538,sell,0.010959499999999999,28527.99675723427
1700000000516113535,sell,0.0109585,4842.017498911859
1700000000516554129,buy,0.0109605,7863.610283790608
1700000000516660311,sell,0.010959499999999999,3953.25726166054
1700000000516665725,buy,0.0109595,1807.9091968982484
1700000000516775631,buy,0.0109605,1049.9635411774752
1700000000516776106,sell,0.010960499999999998,5105.723523278992
1700000000517067091,buy,0.0109615,2736.5456685877007
1700000000517490778,buy,0.010960500000000001,52553.59801191601
1700000000517880542,sell,0.010960000000000001,35620.76425007542
1700000000518563303,sell,0.01096,1835.3413114090085
1700000000518989832,buy,0.010960000000000001,4267.991651810612
1700000000519086399,buy,0.0109615,3957.1384708427568
1700000000519158658,sell,0.0109605,4103.680057554796
1700000000519305541,buy,0.0109615,5557.692490985237
1700000000519311435,buy,0.010960500000000001,15998.4198793112
1700000000520011163,sell,0.0109605,5457.328324248055
1700000000520310088,buy,0.0109615,779.4528285632254
1700000000520340849,sell,0.010961499999999999,6923.20969833458
1700000000520637356,sell,0.010961499999999999,3918.6540536746456
1700000000521222703,buy,0.010962,3917.184332754113
1700000000521523198,sell,0.0109605,12241.58623601233
1700000000521738296,sell,0.0109605,3989.4632221554452
1700000000521946082,sell,0.0109605,1268.2224434273078
1700000000522680687,sell,0.010960999999999999,839.0469285128519
1700000000522701638,sell,0.010960999999999999,4532.855001953486
1700000000522710358,buy,0.010962,7876.225802078511
1700000000522842023,sell,0.010960999999999999,3975.3904536360715
1700000000522899981,buy,0.010962,25309.02350961301
1700000000523298405,sell,0.0109605,8023.947579194537
1700000000524004900,sell,0.01096,779.4204596392365
1700000000524012779,buy,0.010960000000000001,3324.6981294468633
1700000000525262024,buy,0.010960999999999999,48940.800895527165
1700000000525276037,buy,0.01096,1087.5627703755626
1700000000525373794,sell,0.010959,4284.390475188257
1700000000525959900,sell,0.010960999999999999,8834.756316792083
1700000000525968902,buy,0.010962,19574.233404578663
1700000000525975793,buy,0.010962,1970.9690972498408
1700000000525993918,sell,0.010960999999999999,3754.826696273652
1700000000526088378,buy,0.010962,8599.91347131328
1700000000526293515,sell,0.010961,4334.142677573605
1700000000526829867,sell,0.010961999999999998,738.1213645237227
1700000000527306763,buy,0.010960500000000001,2390.740116757576
1700000000527580455,sell,0.010960999999999999,19563.067488904104
1700000000528104688,sell,0.0109595,3804.8607020791464
1700000000528201230,sell,0.0109595,5343.400549909262
1700000000528330688,buy,0.0109615,31298.71173317898
1700000000528609563,sell,0.01096,3835.037903666141
1700000000529072551,sell,0.010960999999999999,553.5381890084273
1700000000529172730,buy,0.010961,3755.777015210992
1700000000529518291,buy,0.010962,11225.506502625405
1700000000529712120,buy,0.010961,2634.087461364614
1700000000530003670,buy,0.010962,4628.463702418471
1700000000530004670,sell,0.01096,22240.499823624177
1700000000530173959,sell,0.01096,5646.543805426632
1700000000530543128,buy,0.0109625,2529.6352445419093
1700000000530828755,buy,0.0109625,7236.6079944691755
1700000000530907048,buy,0.0109625,8214.609034528949
1700000000531302683,sell,0.01096,17209.800438683244
1700000000531472226,sell,0.010959,3143.9105580662417
1700000000532293965,sell,0.0109585,7689.350882497565
1700000000532421955,buy,0.010959499999999999,2568.5991750306007
1700000000532605994,buy,0.010959499999999999,3684.3714247270173
1700000000533420758,buy,0.010959,4559.190314762688
1700000000533935983,sell,0.010958999999999998,495.2942822579119
1700000000534187786,buy,0.010959,27028.45304272798
1700000000534193309,buy,0.010959,2332.680442897122
1700000000534260729,buy,0.010959,27165.89840748289
1700000000534595203,sell,0.010957999999999999,772.3907474656583
1700000000534718201,sell,0.010958999999999998,1735.1616563411517
1700000000535650337,sell,0.0109585,4875.22490998051
1700000000535896215,sell,0.0109585,1221.4913836446572
1700000000535899991,buy,0.010960499999999998,814.6459741870692
1700000000536581747,sell,0.010959,10611.709393395819
1700000000536658372,sell,0.010959,1685.4891173546366
1700000000536754382,sell,0.010959,4124.602485192544
1700000000537387303,buy,0.0109605,2604.31196421079
1700000000537884184,sell,0.010958999999999998,2158.884181460663
1700000000538731289,buy,0.0109595,3212.3355964626307
1700000000538757281,sell,0.0109585,1423.563361000605
1700000000539138477,sell,0.010958999999999998,11252.163681132695
1700000000539400942,sell,0.010959999999999998,11475.762694891966
1700000000539570986,sell,0.010957999999999999,8450.262310775193
1700000000539644484,buy,0.010959,5108.065272590908
1700000000539685744,buy,0.010959,5400.074810824311
1700000000539990971,sell,0.010957999999999999,5497.2828438315655
1700000000540986499,sell,0.010957,3441.232920345178
1700000000541032072,sell,0.010957,5292.628294901611
1700000000541496354,buy,0.010958,3387.1706670535764
1700000000541945035,buy,0.010958,1254.3903753457191
1700000000541945093,buy,0.010958,648.7177770686733
1700000000542126129,buy,0.0109575,2364.6038524932774
1700000000542569692,buy,0.010958,22664.727249356427
1700000000542800813,buy,0.010958,10162.795944237656
1700000000543156178,sell,0.0109565,4449.163404929122
1700000000543367126,sell,0.010957499999999998,26248.508627429193
1700000000543787244,sell,0.010956,3546.586417437411
1700000000544037115,buy,0.0109575,3393.5318996582805
1700000000544059165,sell,0.0109565,7760.934308041141
1700000000544366800,sell,0.0109565,3690.595731106553
1700000000544616158,buy,0.010956500000000001,4200.025291588585
1700000000544666732,sell,0.0109565,8835.865318959603
1700000000544670457,buy,0.0109575,2523.881030224031
1700000000544961441,buy,0.0109575,15958.750458063465
1700000000545001830,sell,0.010957,16412.901882376373
1700000000545637627,sell,0.0109565,1852.7548625167947
1700000000545669136,buy,0.0109575,3046.985028279514
1700000000545843866,buy,0.010956500000000001,25985.363920575208
1700000000546242973,sell,0.010956999999999998,1349.956213542427
1700000000546402439,buy,0.010957,6783.154651909207
1700000000546464066,sell,0.010955999999999999,560.2606570127589
1700000000546501652,sell,0.010955499999999998,5128.12541207027
1700000000546644382,buy,0.0109555,8081.867671053851
1700000000546820752,buy,0.0109555,10202.220259394717
1700000000547108518,buy,0.010957,13753.127965725602
1700000000547142703,buy,0.010957,56046.55616812825
1700000000547459941,sell,0.010955999999999999,32705.27511826641
1700000000547542448,sell,0.010957,9308.062681208965
1700000000547631304,buy,0.010957999999999999,1202.5423864284408
1700000000547676584,sell,0.010956,940.9411394493384
1700000000547703873,buy,0.010957999999999999,3645.6891741867043
1700000000547771089,sell,0.010956,885.8440932386136
1700000000547891488,buy,0.010957,2416.3293738754437
1700000000548161854,buy,0.010957499999999998,38216.56511133577
1700000000548542995,buy,0.010958,4219.958807814342
1700000000548555653,buy,0.010958,2984.3323831021353
1700000000548905391,buy,0.010958,21535.833020455986
1700000000549267624,buy,0.01096,43534.16660163101
1700000000549582769,buy,0.0109585,16835.96014499147
1700000000549889274,sell,0.010957499999999998,13032.08362385258
1700000000549899677,buy,0.0109585,4378.733612094329
1700000000549996882,buy,0.0109585,11552.492800148644
1700000000550073432,buy,0.0109585,2669.617712696162
1700000000550082925,buy,0.0109585,3431.8072759100855
1700000000550176277,buy,0.0109585,610.1436356347182
1700000000550372377,buy,0.0109585,2763.034326517255
1700000000550668344,sell,0.010957999999999999,3965.2658719428555
1700000000550708567,sell,0.010957999999999999,2190.5948095980098
1700000000551152203,sell,0.010958999999999998,2525.778031259311
1700000000551162005,buy,0.01096,16317.657190027623
1700000000551332355,buy,0.01096,1426.7991003495797
1700000000551472958,buy,0.01096,3343.1993193293165
1700000000551557605,sell,0.010959,2512.262930156541
1700000000551616366,sell,0.01096,4204.494823675715
1700000000552073128,sell,0.010957999999999999,1161.658526128061
1700000000552195355,buy,0.01096,1067.0785428466768
1700000000552252674,sell,0.010957999999999999,13877.884903808368
1700000000553504139,buy,0.0109605,7782.286055819403
1700000000553557715,buy,0.0109605,26754.726262885768
1700000000554269021,buy,0.010959,9608.072657838016
1700000000554543783,sell,0.0109585,2614.661551360076
1700000000554755324,sell,0.010959499999999999,1770.8561507755094
1700000000554975138,buy,0.0109595,9643.979064273411
1700000000555036981,buy,0.01096,3212.897297671473
1700000000555077031,sell,0.010958,14473.588448414188
1700000000555143013,buy,0.010959,6288.590070568071
1700000000555704149,buy,0.010959,2759.8369075875057
1700000000556861675,sell,0.010958499999999998,4253.5144826262285
1700000000557379960,sell,0.010957499999999998,9586.307420207786
1700000000557875252,sell,0.0109585,8748.674737094318
1700000000558152925,buy,0.010959,4794.910974371819
1700000000558841423,buy,0.0109595,9801.614966376294
1700000000559143748,sell,0.0109585,14099.399048363543
1700000000559375635,buy,0.0109595,10764.246349628544
1700000000559808751,sell,0.0109585,3214.0007715818106
1700000000559864672,buy,0.0109595,6517.494989643694
1700000000559959006,sell,0.0109585,5294.725280610738
1700000000560255991,buy,0.01096,9631.047263478482
1700000000560601160,buy,0.01096,398.3550204857845
1700000000560606299,buy,0.01096,58290.45360044103
1700000000561132540,buy,0.01096,10007.238793148565
1700000000562220022,sell,0.010958999999999998,7235.316548394095
1700000000562272354,sell,0.010959999999999998,39362.29656177415
1700000000562372338,buy,0.01096,24434.955922662328
1700000000562483052,buy,0.010959,2120.2463294582917
1700000000562549335,buy,0.010959,8611.183356232643
1700000000562604445,buy,0.01096,13374.225367277199
1700000000563471306,sell,0.010959499999999999,1437.4192501162
1700000000563482549,sell,0.0109585,2107.0214568434844
1700000000563493828,sell,0.0109585,8270.967330871556
1700000000563503759,sell,0.0109575,5101.394220872504
1700000000563762849,sell,0.0109585,4888.062069409724
1700000000563853909,buy,0.010959499999999999,9047.87261053305
1700000000564009294,sell,0.010957999999999999,62947.34557889149
1700000000564068064,buy,0.010958,6448.195603107724
1700000000564515995,sell,0.010957999999999999,3252.6112061054673
1700000000564880290,buy,0.010959,13171.05396717816
1700000000564885714,sell,0.010957999999999999,1042.3823266777338
1700000000564896041,buy,0.010958,26741.393524753523
1700000000565278299,buy,0.010957999999999999,1403.0546047029536
1700000000565536646,buy,0.01096,7402.240297023202
1700000000565737764,buy,0.01096,8008.803513116389
1700000000565753570,buy,0.01096,5008.781462853227
1700000000565964098,sell,0.010957,13557.098110090057
1700000000566140431,sell,0.010957999999999999,1841.9716904982167
1700000000566142148,buy,0.010958999999999998,1243.1558440302454
1700000000566229240,buy,0.010958999999999998,3062.683530665105
1700000000566278066,buy,0.010957999999999999,1941.1327249979067
1700000000566390910,buy,0.010958999999999998,2390.2815643188637
1700000000566543836,sell,0.0109565,11408.144055962919
1700000000566911745,buy,0.0109575,2759.9391163175064
1700000000566912635,buy,0.0109575,57435.10621552
1700000000567544413,buy,0.0109555,3867.7862431472586
1700000000567710653,buy,0.0109565,27283.705044444665
1700000000567721498,sell,0.0109545,1580.7804496016543
1700000000567821267,sell,0.0109545,22203.03975399865
1700000000567877594,sell,0.0109555,4708.144442350123
1700000000567890867,buy,0.0109555,3605.7603937536373
1700000000567937287,sell,0.0109545,689.3540339355953
1700000000568057181,buy,0.010956,5580.249066546841
1700000000568524731,sell,0.010954499999999999,21734.887575496236
1700000000569063024,buy,0.010957,8015.525649303092
1700000000569921276,buy,0.010957499999999998,28310.903575626904
1700000000570011168,buy,0.010956,2771.9503652827616
1700000000570230408,buy,0.010956,6399.800562211111
1700000000570630434,buy,0.010957,3463.3877761049657
1700000000570635626,sell,0.010956999999999998,3634.3204244897047
1700000000570730755,sell,0.010955999999999999,14826.682449505279
1700000000571515357,sell,0.010956999999999998,4593.389552748685
1700000000571570781,buy,0.010956,2778.984091178919
1700000000571823214,sell,0.010955999999999999,54808.869707341255
1700000000572175556,sell,0.0109555,5034.25725860517
1700000000572333949,buy,0.0109585,4754.160319536956
1700000000572544336,sell,0.010957999999999999,40326.989635272854
1700000000572687265,sell,0.010957999999999999,808.1923254130113
1700000000573413667,sell,0.0109575,3814.2479661940515
1700000000574321892,buy,0.0109595,4099.738058972679
1700000000574715718,sell,0.010958999999999998,8320.494025915754
1700000000574954007,sell,0.010959999999999998,3997.8207508964883
1700000000575021307,sell,0.010958,2889.532888008758
1700000000575306713,buy,0.010959,7694.372077971665
1700000000575554875,sell,0.010957999999999999,3723.4645083498576
1700000000575696450,buy,0.010959,26779.06020272871
1700000000575834544,buy,0.010959,2259.517613156715
1700000000575897177,buy,0.010959,9628.105649161062
1700000000576260487,sell,0.010957999999999999,3580.2821269117862
1700000000576417768,buy,0.010959,6952.037201946396
1700000000576766538,buy,0.0109585,1417.2310658631359
1700000000576981645,buy,0.0109585,11327.438279901371
1700000000577302881,sell,0.010957499999999998,6972.953012637545
1700000000577435997,buy,0.010959499999999999,4252.262467494041
1700000000578173793,sell,0.010958999999999998,2232.099073403273
1700000000578259150,sell,0.010959999999999998,12073.974725940074
1700000000578360924,buy,0.01096,7252.362392648322
1700000000578677717,buy,0.0109595,5172.933088298136
1700000000578700414,buy,0.0109595,6532.093897608767
1700000000579091351,sell,0.010959499999999999,7559.0523297804675
1700000000579584828,sell,0.0109585,44636.911464719655
1700000000579786621,buy,0.010958500000000001,4570.396414337556
1700000000579937512,sell,0.0109585,3546.5345956723813
1700000000580042019,buy,0.0109595,24067.865731358273
1700000000580072870,buy,0.010958500000000001,1934.8364823790623
1700000000580706457,buy,0.010960999999999999,4226.3585005214
1700000000580793592,buy,0.010960999999999999,3899.499548982229
1700000000581071935,sell,0.010959999999999998,11670.245660458626
1700000000581221807,sell,0.010958999999999998,4962.932523016822
1700000000581502368,sell,0.0109575,3166.3431414349225
1700000000581728037,sell,0.0109575,2220.400017772811
1700000000582166987,buy,0.0109585,15973.773649348697
1700000000582238240,sell,0.010957499999999998,7352.779072934924
1700000000582799064,buy,0.0109575,5798.421147493586
1700000000582907862,sell,0.010956500000000001,12954.781843456296
1700000000583780500,buy,0.0109585,6422.141580294986
1700000000583950718,sell,0.010957499999999998,3232.2875505019188
1700000000584614177,sell,0.010957,1725.4133987658993
1700000000584758455,buy,0.010958,7042.605299268072
1700000000584832510,buy,0.010958,4072.8966470057644
1700000000585578876,sell,0.010956500000000001,1237.45522432813
1700000000585756719,buy,0.0109585,1274.9036018338288
1700000000585760670,sell,0.010956500000000001,5256.683011564897
1700000000585801799,sell,0.010956500000000001,5252.0247703540135
1700000000586026763,sell,0.010957499999999998,4649.64923377239
1700000000586245986,sell,0.010957499999999998,5912.027682329711
1700000000586443526,buy,0.0109575,10205.504630545824
1700000000586548564,sell,0.010956,3969.3969007466576
1700000000586756162,sell,0.010956,3685.431841727082
1700000000587461113,buy,0.0109565,7290.963970120491
1700000000587550523,sell,0.010954,11992.138841893964
1700000000587729842,buy,0.010957,2287.3080834116768
1700000000588087819,sell,0.010955999999999999,7662.206414830241
1700000000588326005,sell,0.010955999999999999,5376.797608485423
1700000000588414608,sell,0.010955999999999999,1469.728505776181
1700000000588508504,buy,0.010956,1689.0897944395886
1700000000588552168,buy,0.010956,525.1271989315652
1700000000588707007,sell,0.010955,31448.149356524602
1700000000588819217,sell,0.010955,12395.985685940415
1700000000589018611,sell,0.010955,8669.381249167689
1700000000589455015,buy,0.010955999999999999,27435.196427676983
1700000000590311904,sell,0.010954499999999999,15157.303684145918
1700000000590363998,sell,0.010954499999999999,8517.585483201488
1700000000590516482,sell,0.0109535,3702.8282757385564
1700000000591189896,sell,0.010954499999999999,7153.492580099807
1700000000592024567,buy,0.010955499999999998,11989.972795602129
1700000000592073591,buy,0.010954499999999999,9007.738393056135
1700000000592596102,sell,0.010953,4569.464767409831
1700000000592618328,sell,0.010953,1653.7638158330567
1700000000592636952,sell,0.010953,37152.68480860286
1700000000592780508,buy,0.010954,3250.1251103845357
1700000000593518928,sell,0.010952499999999999,10281.42762572132
1700000000593637341,buy,0.0109535,1649.9779349218793
1700000000593849973,buy,0.0109535,3796.2512951300228
1700000000594031298,sell,0.0109515,2108.739882300311
1700000000594295959,buy,0.010954499999999999,2589.5374082974995
1700000000594668795,sell,0.010952,7057.880432235424
1700000000594673144,sell,0.010952,3893.6550395636878
1700000000594697569,buy,0.010953999999999998,14457.600702427144
1700000000594958966,sell,0.010953,5124.637816035993
1700000000595079175,buy,0.010955,2306.462021785763
1700000000595154852,buy,0.010955,4840.627364811309
1700000000595499162,buy,0.010954,1982.6000411813077
1700000000595505332,buy,0.0109545,10118.48792932416
1700000000595625449,buy,0.010953500000000001,8589.05015387377
1700000000595744978,sell,0.010954499999999999,12565.656950835548
1700000000596239891,buy,0.010953000000000001,3111.116084831433
1700000000596741067,sell,0.0109535,7666.972730617645
1700000000596764628,buy,0.0109545,7696.841000244844
1700000000597003109,buy,0.010955,5834.816312956597
1700000000597232606,buy,0.010955,4692.368309423411
1700000000597271338,sell,0.010953999999999998,3336.5655276590783
1700000000597814740,buy,0.010955,2690.2944837259583
1700000000598115567,buy,0.0109565,1379.286330662409
1700000000598268275,buy,0.0109565,4320.940041767366
1700000000598437381,sell,0.010955499999999998,1603.776995900123
1700000000600017662,buy,0.010956,3026.359703464559
1700000000600185533,buy,0.010956,2307.5437596527763
1700000000600538552,sell,0.010955,7974.3745746978
1700000000600761783,sell,0.010955,1825.0774713055291
1700000000600803651,sell,0.010955,3596.0566739769206
1700000000601228989,sell,0.010954,1534.4330563487638
1700000000601321811,buy,0.010957,11304.802951927786
1700000000601471479,sell,0.010954,34966.623379600496
1700000000601903345,buy,0.0109555,18487.56603606687
1700000000602528002,sell,0.0109535,10157.296108175871
1700000000602871814,sell,0.0109535,2538.6870402229474
1700000000603001958,buy,0.010955,1106.6169198914665
1700000000603206865,sell,0.010952,9251.614157820888
1700000000603937361,sell,0.0109535,12159.711692553039
1700000000604085599,buy,0.010955,19667.62100003844
1700000000604314402,sell,0.010953999999999998,6901.767988322304
1700000000604334966,buy,0.010955,5100.794921589295
1700000000604359578,sell,0.010953999999999998,11272.269091346207
1700000000605973405,sell,0.010954499999999999,8301.902837801174
1700000000606355689,buy,0.010954,25282.500694181566
1700000000606498957,sell,0.010954999999999998,3279.006970635624
1700000000606551556,buy,0.0109555,1071.1382375038097
1700000000606696651,buy,0.0109545,16340.509204343036
1700000000606823355,buy,0.0109555,18898.439394557307
1700000000606889672,buy,0.0109555,7627.136969531298
1700000000607236367,sell,0.0109535,8789.250669609202
1700000000607477079,buy,0.010955499999999998,15362.867021901067
1700000000608174753,sell,0.010955,1220.3884810400677
1700000000608318442,sell,0.010955,6005.472368807302
1700000000608369467,sell,0.010955,2700.617311487383
1700000000608557612,sell,0.010953,2852.7872593136526
1700000000609436872,sell,0.0109535,1636.528937582165
1700000000609635601,sell,0.010952,9559.651209475784
1700000000609661909,buy,0.010954,1885.7742142563084
1700000000609742542,buy,0.010955,4340.431564956161
1700000000610336743,buy,0.0109525,1368.9811715378014
1700000000610428736,buy,0.0109535,4406.952689550215
1700000000611086729,buy,0.010953000000000001,16833.64412090278
1700000000611335479,sell,0.010953999999999998,4241.394773793954
1700000000611359177,sell,0.010953,1246.9229360349777
1700000000611601984,sell,0.010952499999999999,1648.0323908692749
1700000000611716410,buy,0.0109535,1280.742509866888
1700000000612348501,buy,0.010954499999999999,3368.490082021462
1700000000612393429,sell,0.010952499999999999,59617.55875777105
1700000000612658344,sell,0.0109525,8489.744130642954
1700000000612672167,sell,0.0109525,1510.1037228120542
1700000000612731388,sell,0.0109525,4896.786285095805
1700000000613094123,sell,0.010953,6345.154615551482
1700000000613259476,sell,0.010953,2294.4052944217274
1700000000613277620,sell,0.010952,22552.223730531452
1700000000613912939,buy,0.010955,6069.140849124156
1700000000613999242,buy,0.010955,2142.4585076828275
1700000000614048886,sell,0.010953499999999998,6527.4276171423035
1700000000614689274,sell,0.0109525,8760.647881250694
1700000000614770664,buy,0.010954499999999999,3535.140340214844
1700000000614830697,buy,0.010954499999999999,2257.4584522369446
1700000000614869917,buy,0.010954499999999999,1193.4494665035827
1700000000614914750,buy,0.010954499999999999,8576.847366687161
1700000000614923519,sell,0.0109535,13113.590500594742
1700000000614996226,sell,0.0109525,58009.164946997334
1700000000615531560,sell,0.0109535,4379.537164395855
1700000000615593438,buy,0.0109545,4473.453675175623
1700000000615677923,sell,0.0109535,2310.453172156922
1700000000615922300,buy,0.0109545,9023.153300576481
1700000000615937257,buy,0.0109545,1411.2558100686854
1700000000616342884,buy,0.010955,544.7707577753563
1700000000616371996,sell,0.010955,7190.719854096637
1700000000616641662,buy,0.010956,8247.991745499326
1700000000616795980,buy,0.010956,3270.9483228193617
1700000000616805499,buy,0.010956,2637.4811703667397
1700000000616831651,buy,0.010956,3070.8701959587584
1700000000616935542,buy,0.010955000000000001,5144.877099534013
1700000000617194618,buy,0.0109555,1330.5910265166788
1700000000619103592,sell,0.010955,1874.7588649032828
1700000000619386087,sell,0.010955,19532.13974634829
1700000000619720951,buy,0.010956,1721.3359231102074
1700000000619764160,buy,0.010956,1199.4755473642795
1700000000619926453,sell,0.010955999999999999,9839.778090849552
1700000000619936997,buy,0.010955000000000001,12380.813464657182
1700000000620003611,buy,0.0109555,15729.88120560829
1700000000620243113,buy,0.0109565,3896.3306601766276
1700000000621537666,sell,0.010954499999999999,6560.4589992411475
1700000000621690873,buy,0.010957499999999998,32244.84490694038
1700000000622042127,buy,0.010957499999999998,8854.866030397883
1700000000622230932,sell,0.0109555,1837.560484752424
1700000000622448362,buy,0.010957499999999998,1613.9701826260055
1700000000622670737,buy,0.010956,8049.841010814297
1700000000623484534,buy,0.010956500000000001,23574.20811769059
1700000000623692886,sell,0.010957,7602.618147379641
1700000000624371652,sell,0.010956,10126.440395741023
1700000000624684280,sell,0.010956999999999998,2038.184755769207
1700000000624719317,buy,0.010956,10195.828909337897
1700000000625133320,sell,0.010955499999999998,1099.762457746743
1700000000625325546,buy,0.0109565,24105.48013930994
1700000000625344545,buy,0.0109565,1720.5700906726827
1700000000625426657,buy,0.0109555,3791.5053526927513
1700000000625925112,sell,0.010955499999999998,9721.367516757124
1700000000626247903,sell,0.010955,5099.241788704137
1700000000626320111,sell,0.010955,4924.431763197617
1700000000626432399,buy,0.010956,15212.23212392856
1700000000626622570,sell,0.010955999999999999,3442.184564727615
1700000000626770393,sell,0.010955999999999999,5917.80042774028
1700000000626977190,sell,0.010955999999999999,4487.8416399994985
1700000000627034848,sell,0.010955499999999998,3004.137164994868
1700000000627085037,sell,0.010955499999999998,1656.8436112362087
1700000000627460604,buy,0.0109565,5556.206574305518
1700000000627478639,buy,0.0109555,3905.5063107245405
1700000000628100922,buy,0.010956,7582.101226238537
1700000000628262926,sell,0.010955,9528.238552617535
1700000000628486522,buy,0.010956,303.1691589640502
1700000000628640025,buy,0.010957,5700.579829083831
1700000000628732527,buy,0.010956,14809.180204238737
1700000000629283139,sell,0.010955499999999998,18437.772427997115
1700000000629438534,buy,0.0109565,3797.2180515871223
1700000000629753187,sell,0.010955,927.4458406656235
1700000000630197927,sell,0.0109545,1341.2019402562248
1700000000630492511,buy,0.0109565,3388.2867830257055
1700000000630734713,buy,0.0109565,6946.8010488631635
1700000000631076380,buy,0.010957,12241.486461129349
1700000000631941141,buy,0.0109565,11603.46904954523
1700000000632004485,sell,0.010955999999999999,4115.104855779353
1700000000632024527,sell,0.010955,9960.873669465936
1700000000632063228,sell,0.010955999999999999,27329.597133884796
1700000000632138870,buy,0.010956,1293.5227005137474
1700000000632395214,buy,0.010956,19648.325081867075
1700000000632929370,sell,0.010954499999999999,16926.107295504917
1700000000633010311,buy,0.010955999999999999,1281.2381071008906
1700000000633241867,buy,0.010955999999999999,12409.442832880104
1700000000633275253,sell,0.010954,19237.574276263396
1700000000633433300,buy,0.010955,6189.449798202694
1700000000633558279,sell,0.010955,4347.358318373909
1700000000633581306,sell,0.010955,75696.37479126123
1700000000633737399,buy,0.010955000000000001,1673.4869686686245
1700000000633982386,buy,0.010955000000000001,1087.5899020320749
1700000000634093137,buy,0.010957,2764.3900447550127
1700000000634273460,sell,0.010955,3284.1666211029888
1700000000634511063,buy,0.010955000000000001,21864.86367693125
1700000000634710827,sell,0.010955999999999999,19542.78557279871
1700000000634801899,sell,0.010955,23967.347970998526
1700000000634829802,buy,0.010956,12297.482969150176
1700000000635187742,sell,0.010954,298.63695447198455
1700000000635199128,buy,0.010956,6925.484678982931
1700000000635653820,buy,0.0109575,7887.65511566142
1700000000635772401,buy,0.010956500000000001,1312.0406087820256
1700000000635810392,sell,0.0109565,1975.6188742107151
1700000000635877756,sell,0.0109565,1044.0621136584436
1700000000635917360,sell,0.0109565,10901.533714694839
1700000000636954942,buy,0.0109575,767.4667441344698
1700000000637018149,buy,0.010957999999999999,683.4284426567525
1700000000637260504,buy,0.010957999999999999,4078.8007015254466
1700000000637324184,sell,0.010956,4935.836760155923
1700000000637603521,buy,0.0109575,927.1112271784018
1700000000637660656,sell,0.010957499999999998,6651.293687313735
1700000000637784693,sell,0.0109565,3649.3857765783578
1700000000638043658,sell,0.010956500000000001,9454.88108737797
1700000000638547069,sell,0.010957499999999998,7905.347104517736
1700000000638548626,buy,0.0109585,637.5787522164154
1700000000638672300,buy,0.0109585,4221.1768836466945
1700000000638994245,sell,0.010957499999999998,2573.924717857237
1700000000639230254,sell,0.010957999999999999,3779.943192002266
1700000000639360879,sell,0.010957999999999999,19905.17796660796
1700000000639760127,buy,0.010959,3490.209422990662
1700000000640102152,sell,0.010957999999999999,8164.061999636527
1700000000640365501,sell,0.010957999999999999,1637.2534591552069
1700000000640662769,buy,0.0109585,974.7848080626663
1700000000640687602,sell,0.010958499999999998,11271.941058036025
1700000000641432325,buy,0.010959,2866.0511856390362
1700000000641796425,buy,0.010959499999999999,5926.442315063776
1700000000641908948,buy,0.010959499999999999,941.3288542084265
1700000000641974318,buy,0.010959499999999999,23069.919793671994
1700000000642387131,sell,0.010959499999999999,1675.3858077468915
1700000000642462046,buy,0.010960499999999998,5103.745651560243
1700000000642737003,buy,0.010959,73190.96601323737
1700000000642918813,buy,0.01096,2888.427768694817
1700000000642948425,sell,0.010958999999999998,6859.470800200548
1700000000643726595,buy,0.010962,3587.3380638427766
1700000000643728649,sell,0.010960000000000001,9745.486156748102
1700000000644148451,buy,0.0109615,5724.303889910696
1700000000644161643,sell,0.0109605,2996.2887659262296
1700000000644263647,buy,0.0109615,3088.5412739112917
1700000000644376931,buy,0.0109615,9209.093740771355
1700000000644471240,sell,0.010961499999999999,1756.459615132788
1700000000644564747,sell,0.0109585,4821.56333784389
1700000000644671001,sell,0.010959499999999999,3372.3238333571053
1700000000644773981,sell,0.0109585,2397.431511810936
1700000000645112308,buy,0.010960499999999998,12726.716678998058
1700000000645276833,buy,0.010960499999999998,5380.881097819255
1700000000645368966,buy,0.010960499999999998,17457.469071447842
1700000000645746858,buy,0.0109595,2983.520518034721
1700000000645763722,sell,0.0109585,572.8883082755984
1700000000645771941,buy,0.0109595,5005.41582173522
1700000000646267153,sell,0.0109585,34288.59001765351
1700000000646865585,buy,0.0109595,362.6460701542955
1700000000647082046,buy,0.0109605,9517.443378667242
1700000000647318567,sell,0.010959499999999999,2972.5903679495405
1700000000647440456,buy,0.0109605,1073.1690445459908
1700000000647491017,sell,0.010960499999999998,31746.69693705151
1700000000647911318,buy,0.0109595,1406.629046454525
1700000000647956290,sell,0.010959499999999999,3712.255555014133
1700000000648320643,sell,0.0109595,3890.414262251986
1700000000648328376,sell,0.0109595,2405.034955832403
1700000000648358385,buy,0.0109615,39964.9287950497
1700000000648438823,buy,0.0109625,3712.925169207737
1700000000648449833,sell,0.0109595,53657.400659054234
1700000000648714875,sell,0.01096,16946.810790387924
1700000000648783266,sell,0.010960999999999999,8699.858842069028
1700000000649110642,buy,0.010962,3711.451342231149
1700000000649127833,sell,0.010961999999999998,6831.6448179889485
1700000000649997310,sell,0.01096,23038.779791251094
1700000000650450888,buy,0.010962,1647.092377837838
1700000000650665886,sell,0.010960999999999999,12724.56177428311
1700000000650780606,sell,0.01096,21791.554737348946
1700000000650992894,sell,0.010960999999999999,1495.596004693063
1700000000651109866,buy,0.010962,3684.857506949566
1700000000651716051,buy,0.0109625,4623.116767810966
1700000000652034806,sell,0.010962499999999998,5644.320076124029
1700000000652717792,buy,0.010962,6461.412811047267
1700000000652795271,sell,0.010960000000000001,5893.835306559269
1700000000653680331,buy,0.010962,4449.492890010509
1700000000654110861,buy,0.010960500000000001,2253.019550310749
1700000000654161077,buy,0.0109615,28519.090092530572
1700000000654426124,sell,0.0109605,3591.718426324515
1700000000654612484,sell,0.010960999999999999,10557.029910442312
1700000000655477037,buy,0.010962,1034.191766485025
1700000000655807234,buy,0.010961499999999999,791.6698648488658
1700000000656830593,sell,0.0109605,630.8656320586085
1700000000657409077,sell,0.0109595,7319.363256694137
1700000000657530329,sell,0.010960999999999999,11784.927072115206
1700000000657677254,sell,0.010960999999999999,6812.726002893776
1700000000657723845,buy,0.010962,31424.000144845962
1700000000657765878,sell,0.010960999999999999,874.8803429216003
1700000000658147249,sell,0.010961999999999998,11362.722787166087
1700000000658151031,buy,0.010962,16467.20100875023
1700000000658231805,sell,0.010960999999999999,21449.636911679343
1700000000658374982,sell,0.010960999999999999,3196.385531055118
1700000000658887475,sell,0.01096,1642.13966182196
1700000000659257204,buy,0.010961499999999999,4274.66409496372
1700000000659840003,buy,0.010961499999999999,2261.674890246113
1700000000660279490,buy,0.010962,5703.503976478715
1700000000660465938,buy,0.010962,5832.7128800871715
1700000000660815090,sell,0.010960000000000001,9573.349227063583
1700000000660869948,buy,0.010962,6878.793834890479
1700000000661140959,buy,0.0109615,3047.3987069486593
1700000000661773750,buy,0.010961,4049.694493746298
1700000000661902775,sell,0.01096,70650.71253142659
1700000000661933847,buy,0.010961,11422.103316339279
1700000000661986465,buy,0.010961,5453.691988344619
1700000000662290324,sell,0.010960000000000001,2445.549479528207
1700000000662518788,buy,0.0109625,14127.067953693055
1700000000662533044,buy,0.0109625,40324.648985308195
1700000000662665764,buy,0.0109615,3829.500309594559
1700000000662686819,sell,0.010961499999999999,50935.6310578081
1700000000662758776,sell,0.010961499999999999,8039.206986808843
1700000000662940092,sell,0.010961499999999999,754.490580451929
1700000000663613289,sell,0.010962,7946.389020586952
1700000000663719934,sell,0.010961,9424.404695112335
1700000000664022796,buy,0.010961,3375.371185196848
1700000000664043095,buy,0.010961,9257.002476623366
1700000000664195170,buy,0.010962,12378.211452584801
1700000000664483705,buy,0.010961,1660.8834126849436
1700000000664671763,sell,0.010960999999999999,12876.989532787715
1700000000664726220,buy,0.010962,9057.888789625695
1700000000664736835,sell,0.010960999999999999,9187.188788760008
1700000000664932404,sell,0.010960999999999999,2534.0492463420733
1700000000665214589,sell,0.010963499999999998,4048.4080753864887
1700000000665398140,sell,0.010962499999999998,3042.2877965143025
1700000000665528183,sell,0.010962499999999998,15189.242742511306
1700000000666191028,buy,0.0109645,3079.216053369116
1700000000666248439,sell,0.010964499999999999,4199.576290425339
1700000000666468391,sell,0.0109635,894.241029309612
1700000000666492683,sell,0.0109635,1630.055014324343
1700000000666918353,sell,0.0109625,4623.304852743829
1700000000667083413,buy,0.010964,3931.857608819274
1700000000667085147,sell,0.010962999999999999,4399.507040672568
1700000000667123877,sell,0.010962999999999999,22469.254944468004
1700000000667695998,buy,0.010965,10318.055446165485
1700000000667737820,buy,0.010965,3395.1920368663873
1700000000668041699,buy,0.010964,2573.6962726141396
1700000000668120800,sell,0.010962999999999999,3359.4282141918798
1700000000668199201,buy,0.010964999999999999,1494.2560195425
1700000000668286509,buy,0.010964999999999999,1612.5652898849753
1700000000669053781,buy,0.010964,3112.6679074887115
1700000000669311720,sell,0.010962999999999999,5687.686882220711
1700000000669806702,sell,0.010964499999999999,5229.23240325803
1700000000669879345,buy,0.010963500000000001,34574.49907201844
1700000000669966115,buy,0.0109645,11352.946674783107
1700000000670457321,buy,0.010965,4969.566529988282
1700000000670503842,sell,0.010964,3035.0224977083726
1700000000670544916,sell,0.010964999999999999,7343.763710554822
1700000000670598683,sell,0.010964999999999999,7925.046267995942
1700000000670808806,sell,0.010964,1319.9866114819904
1700000000671296178,buy,0.010964999999999999,22568.55708855382
1700000000671848837,sell,0.010962999999999999,40295.14580317166
1700000000672196761,sell,0.010962999999999999,1644.7440107308091
1700000000672385430,buy,0.010964,2627.553677966028
1700000000672416238,buy,0.010963,15957.606433582638
1700000000672856967,sell,0.010962499999999998,5798.867902439722
1700000000673012082,buy,0.010963,4830.718900671458
1700000000673023349,buy,0.010963,1256.4104946362302
1700000000673209327,sell,0.010962,5754.644461421695
1700000000673363987,buy,0.010962000000000001,2403.390076012698
1700000000674048789,sell,0.010960999999999999,14643.065936791945
1700000000674085376,buy,0.010962,2883.0846412680094
1700000000674148117,buy,0.010962,2058.0794369952423
1700000000674642546,sell,0.0109595,13589.404733734624
1700000000675068392,sell,0.0109585,2100.7874523950986
1700000000675104070,sell,0.0109585,34558.44513198921
1700000000675364693,sell,0.0109585,18219.01594044269
1700000000675902327,sell,0.010958999999999998,24224.577314043498
1700000000676007904,buy,0.010960999999999999,2401.841917801907
1700000000676147218,sell,0.010957999999999999,1553.6440379322712
1700000000676507430,buy,0.010960499999999998,3008.2235021381825
1700000000676558300,buy,0.010960499999999998,9492.122762470653
1700000000676751815,buy,0.010960499999999998,5136.618713935077
1700000000676772314,buy,0.010960499999999998,11516.369986605823
1700000000678040515,sell,0.010957999999999999,1883.4349556321831
1700000000678233436,sell,0.010957999999999999,8228.696928676105
1700000000678460591,sell,0.010957999999999999,4886.35620613043
1700000000678464153,buy,0.01096,8968.386184706796
1700000000678818539,buy,0.010961499999999999,12247.856110490491
1700000000679021238,buy,0.0109595,2809.6747371028678
1700000000679058240,buy,0.0109605,3819.395175496475
1700000000679120640,sell,0.010960499999999998,12662.56740886208
1700000000679532506,sell,0.010957999999999999,6083.941723604552
1700000000679663476,sell,0.010957999999999999,31314.523011115223
1700000000679940861,buy,0.010960999999999999,1707.8322503716086
1700000000680470804,buy,0.010962,1980.5771045586243
1700000000680566901,buy,0.010961,12173.843295947358
1700000000681750717,sell,0.0109585,11697.08708677859
1700000000682993965,buy,0.01096,1726.1094974045093
1700000000683076790,buy,0.010959,30508.58904462562
1700000000683522923,buy,0.010959499999999999,974.9830814942778
1700000000683788055,sell,0.0109565,31771.619555880417
1700000000683821036,buy,0.010959499999999999,4214.665926202516
1700000000684097192,sell,0.0109585,7620.597518582215
1700000000684338375,buy,0.010959499999999999,7891.407600390801
1700000000684765439,sell,0.010959,2537.385353658241
1700000000684903217,sell,0.010958,1544.2466493724571
1700000000685099696,buy,0.010959499999999999,2943.360931118495
1700000000685147088,buy,0.010959499999999999,3504.317791664144
1700000000685383925,sell,0.0109585,3299.857082089965
1700000000685675546,buy,0.0109595,23887.118381041044
1700000000685972065,sell,0.0109575,13789.389874851751
1700000000686657443,sell,0.010957499999999998,1667.8271138915231
1700000000686761039,sell,0.010957499999999998,5309.754958972343
1700000000686768402,buy,0.0109585,2234.304413898127
1700000000686908895,sell,0.010958499999999998,8838.541133831202
1700000000686962789,buy,0.0109585,3112.569592600001
1700000000687223350,sell,0.010957,11368.124082942837
1700000000687267854,buy,0.010957999999999999,5487.935937892019
1700000000688032347,sell,0.010957999999999999,2444.724998001296
1700000000688268494,buy,0.010958999999999998,5080.554184342995
1700000000688426920,buy,0.010958999999999998,3714.2013522458483
1700000000688532506,buy,0.010957999999999999,7787.876481594316
1700000000689034950,sell,0.010955,3662.951139132671
1700000000689295225,buy,0.010957,1456.0713673030866
1700000000689329654,sell,0.010955,3268.4788095378512
1700000000689731651,sell,0.0109565,32677.988227701197
1700000000690000919,buy,0.010958999999999998,5763.514659466697
1700000000690021715,sell,0.010957,30715.757441833415
1700000000690392835,buy,0.010958999999999998,12981.213212082712
1700000000690897577,buy,0.010956500000000001,2929.7018228188836
1700000000690922959,sell,0.0109565,7657.087726679654
1700000000691927204,buy,0.010958,7222.978708941646
1700000000691993179,sell,0.010957999999999999,5390.356838799838
1700000000692273689,buy,0.010959499999999999,10308.311005957117
1700000000692358228,sell,0.010957499999999998,1191.1249689712106
1700000000692638546,buy,0.0109585,923.655346991674
1700000000692770049,sell,0.0109585,26162.559193112866
1700000000693094113,sell,0.010958,22307.848701026076
1700000000693356096,sell,0.010959,3475.540230255806
1700000000693493093,sell,0.010958,1279.8990156905497
1700000000693532464,sell,0.0109585,12932.649571385251
1700000000694449318,sell,0.010957999999999999,6642.208990472224
1700000000694451718,buy,0.010959,2535.3602360762834
1700000000694557105,sell,0.0109585,9362.808063469532
1700000000694893237,buy,0.010958500000000001,6341.166809142325
1700000000694903932,sell,0.0109585,905.9767937406478
1700000000695249218,sell,0.010957999999999999,4466.168138440873
1700000000696053395,buy,0.010958,4619.969171752901
1700000000696191280,sell,0.010957999999999999,1024.3562900355705
1700000000696384992,buy,0.010959,1104.5777740194553
1700000000696398509,sell,0.010957999999999999,4258.750631750352
1700000000697295219,sell,0.010959499999999999,9734.877004329654
1700000000698119727,buy,0.010961,1731.545711425547
1700000000698476302,sell,0.01096,8797.67019781139
1700000000698666211,sell,0.0109605,2951.8296302812896
1700000000698686883,sell,0.0109595,5362.527858084994
1700000000698891833,sell,0.0109605,3564.593289367027
1700000000699088013,buy,0.0109615,11607.09111700927
1700000000699612871,sell,0.010961,2324.5989984474063
1700000000700254738,sell,0.0109605,8091.9418302690865
1700000000700448380,buy,0.0109615,3041.245532299362
1700000000700709304,sell,0.0109595,2272.692347506914
1700000000701403829,sell,0.010959,7095.325002656283
1700000000701404969,buy,0.010960999999999999,8400.895866938923
1700000000701460329,sell,0.010959,1412.4802777836342
1700000000701474500,buy,0.010960999999999999,10344.680602141412
1700000000701542909,sell,0.0109585,3793.3102063552496
1700000000702264335,buy,0.0109605,6591.109600091464
1700000000702669672,buy,0.010959499999999999,4310.517279124386
1700000000702683562,sell,0.0109575,1497.7589188102468
1700000000703258534,buy,0.010959,19260.758322862832
1700000000703555903,sell,0.010958999999999998,2975.106726710268
1700000000703621190,sell,0.010957999999999999,974.68099653924
1700000000703688745,sell,0.010958999999999998,1619.4374010583049
1700000000703713945,sell,0.010957999999999999,9040.379801886365
1700000000703983955,buy,0.010959,19293.952476171104
1700000000704035412,buy,0.010959,3593.2626028940485
1700000000704194027,sell,0.010958999999999998,3565.2297649785196
1700000000704908693,sell,0.010960499999999998,11254.481733590848
1700000000705153875,buy,0.0109605,21478.323267494416
1700000000705282978,buy,0.0109605,3818.852197564009
1700000000705305219,buy,0.0109595,3166.4891508543737
1700000000705380452,buy,0.0109605,5788.943705541099
1700000000705401284,buy,0.0109605,4133.4404372462695
1700000000705792099,sell,0.0109605,4563.579311120957
1700000000706174992,buy,0.010961,4227.79207803433
1700000000706295360,sell,0.01096,1902.8243836825006
1700000000706413656,sell,0.01096,1676.3636468373743
1700000000706766358,sell,0.010959499999999999,3832.136218270466
1700000000706845138,buy,0.010961499999999999,12416.140335788352
1700000000706926062,sell,0.0109585,1876.5382266827366
1700000000707218955,sell,0.010960999999999999,3212.908301170708
1700000000707238805,sell,0.01096,16739.471993647956
1700000000707634869,buy,0.010961499999999999,3967.030075038194
1700000000708195148,sell,0.010959499999999999,31527.565706026206
1700000000708227936,sell,0.010959499999999999,7303.433077065989
1700000000708435516,buy,0.0109605,3118.5608014892036
1700000000708494308,buy,0.0109605,3953.4783619099962
1700000000709077027,buy,0.010960999999999999,8957.057118115352
1700000000709173212,sell,0.010958999999999998,1706.2755860953764
1700000000709205596,buy,0.010960999999999999,3795.9897724914717
1700000000710260399,buy,0.010961499999999999,17389.854337721932
1700000000710439094,sell,0.010959499999999999,1662.9917917252476
1700000000710857695,sell,0.010959,11206.32164283206
1700000000710952432,sell,0.01096,5081.189729149166
1700000000711526017,buy,0.0109595,15729.471686943718
1700000000711581870,buy,0.010958500000000001,41890.08524103682
1700000000711773792,buy,0.010958500000000001,3288.998568316037
1700000000711808930,sell,0.010959499999999999,552.2461021176146
1700000000711921857,sell,0.0109585,883.9315600486531
1700000000711956664,buy,0.0109595,2331.566895518356
1700000000712787661,sell,0.010959499999999999,12922.71617127323
1700000000713607356,sell,0.01096,12202.414131572848
1700000000713856129,buy,0.010961,1805.7836894788732
1700000000713925816,sell,0.01096,19845.800756830027
1700000000714070229,sell,0.010959,6717.54626109591
1700000000714576932,buy,0.010962,639.6892120131885
1700000000714812986,sell,0.010959,1000.7681069252868
1700000000714954622,sell,0.010959,1016.3402056992113
1700000000715895551,sell,0.0109595,9207.645479970155
1700000000715947819,sell,0.0109605,9177.080586388554
1700000000716055752,sell,0.0109605,3138.676513993394
1700000000716128160,buy,0.0109615,2457.608258908777
1700000000716781656,sell,0.010961499999999999,4289.567102580664
1700000000717211740,buy,0.0109615,10466.626668800473
1700000000717855630,sell,0.0109605,30105.260547572743
1700000000718116498,sell,0.01096,2042.1655538816847
1700000000718215793,sell,0.010960999999999999,921.1372851505545
1700000000718486178,sell,0.01096,7989.435466178425
1700000000718526229,sell,0.010959499999999999,4443.128430879888
1700000000719288913,sell,0.010959999999999998,4664.048949901678
1700000000719289306,buy,0.010959,9842.532975862641
1700000000719485484,sell,0.010958999999999998,10777.707763157014
1700000000719513808,buy,0.0109595,6353.633149542175
1700000000719590681,buy,0.0109595,382.655906335023
1700000000719937480,buy,0.0109595,2984.8119591658874
1700000000720027022,buy,0.0109595,4704.366758520886
1700000000720120839,sell,0.0109585,3231.8712165706784
1700000000720380682,sell,0.0109585,17510.139121158772
1700000000720930403,buy,0.010959,9745.886526028378
1700000000721438222,buy,0.0109585,7220.947150376317
1700000000721729426,sell,0.010957999999999999,3444.1816254594023
1700000000721810755,sell,0.010958999999999998,2651.7372823698192
1700000000722629614,buy,0.0109575,2175.9306965128153
1700000000722813483,sell,0.010956500000000001,6532.808963617253
1700000000723655346,buy,0.010958,1338.2394628907175
1700000000723806192,buy,0.010959,15131.976000940336
1700000000723924817,buy,0.010958,5296.273761015851
1700000000724004563,buy,0.010959,1604.4160099454093
1700000000724167155,sell,0.010957999999999999,8838.348637419707
1700000000724184126,buy,0.010958,28032.881959732138
1700000000724445261,buy,0.010959,18292.454896336545
1700000000724491419,buy,0.010959,17722.035469673614
1700000000724600846,sell,0.010958999999999998,26024.383640320997
1700000000724937751,sell,0.010957999999999999,6928.893475506079
1700000000725226234,buy,0.010959,1969.0764333781297
1700000000725473939,sell,0.010957999999999999,2114.445660382134
1700000000725672246,buy,0.010960499999999998,7607.39684677734
1700000000726312977,buy,0.010959,8177.600023723496
1700000000726646973,buy,0.01096,1723.1226863764257
1700000000726647465,buy,0.01096,4861.8865021607835
1700000000726685599,buy,0.010959,7454.716237160067
1700000000726719132,sell,0.010958999999999998,37151.71136012736
1700000000726784154,buy,0.01096,8936.919088525276
1700000000726888726,sell,0.010958999999999998,42455.82098183601
1700000000727352841,sell,0.0109585,2173.142443430506
1700000000727379562,sell,0.010959499999999999,41190.74531319463
1700000000727551850,buy,0.010958,7286.246449101529
1700000000728138418,buy,0.0109595,3661.771381563913
1700000000728292979,sell,0.010959499999999999,873.8178167153249
1700000000728392686,buy,0.0109595,2729.6671848693213
1700000000728934110,buy,0.010960999999999999,1360.5662325957983
1700000000728985484,sell,0.010957999999999999,13673.2207053087
1700000000729393569,sell,0.010959499999999999,553.8651515027527
1700000000730225034,sell,0.010958,4223.056288079525
1700000000730317349,sell,0.010958,17434.869432599724
1700000000730862073,sell,0.010959,595.0215073177416
1700000000731132172,buy,0.010959,6933.49121604557
1700000000731236082,buy,0.010959,12458.158749522649
1700000000731757930,sell,0.010957499999999998,9591.491337705202
1700000000731827727,sell,0.010958499999999998,5877.737828694978
1700000000732099513,buy,0.010959,2622.4866894137995
1700000000732184423,sell,0.010957999999999999,15226.215277877518
1700000000732510186,sell,0.010957999999999999,7444.300648352179
1700000000732683432,sell,0.010957999999999999,4616.747044916453
1700000000732734918,buy,0.010958,8919.22254191977
1700000000732806694,buy,0.010958,11158.012158091891
1700000000732809844,sell,0.010958999999999998,3916.5802200863277
1700000000732876773,sell,0.010957999999999999,25233.76518212447
1700000000732926688,buy,0.010959,6440.620497968768
1700000000733225125,sell,0.010959,3485.55841324502
1700000000733384483,sell,0.010959,18984.11634335778
1700000000733679241,sell,0.0109585,12544.637564163579
1700000000733682494,sell,0.0109575,23562.947291536257
1700000000733695633,sell,0.0109575,2270.472580268506
1700000000733852033,sell,0.0109575,2448.7373865150407
1700000000733896807,buy,0.0109605,3395.59239046337
1700000000734363415,buy,0.0109605,2085.6458870738034
1700000000734650121,sell,0.0109585,22816.351360567976
1700000000734861031,buy,0.010961499999999999,26173.670657568786
1700000000735053809,buy,0.0109605,1925.3245634095415
1700000000735162984,sell,0.010960499999999998,1848.798887563772
1700000000735347648,buy,0.0109605,18088.164332699558
1700000000735521406,sell,0.010958,11076.917008847404
1700000000735817326,buy,0.01096,27348.276341760982
1700000000736173116,buy,0.010959,5399.224179708686
1700000000736338970,sell,0.010957999999999999,1594.803557957349
1700000000736456960,sell,0.010957999999999999,19898.950612362773
1700000000736468443,buy,0.010959,3015.0584428913407
1700000000736916696,sell,0.0109585,6707.9564890122765
1700000000736938170,sell,0.0109585,6211.168834948206
1700000000737916018,buy,0.0109595,6404.809131168882
1700000000737980121,sell,0.0109585,3042.752472742294
1700000000738093736,sell,0.0109585,5671.897849950413
1700000000738179059,sell,0.0109585,25154.515903458552
1700000000738367875,buy,0.0109595,2002.5899768441568
1700000000738411581,buy,0.0109595,1404.7013596002887
1700000000738516151,buy,0.01096,4075.32019795597
1700000000738703636,buy,0.01096,6041.803399977725
1700000000738994579,buy,0.01096,31233.378021220597
1700000000739466941,sell,0.010957499999999998,3573.8262022984422
1700000000739480135,sell,0.010957499999999998,9777.205991121207
1700000000739740370,buy,0.010959499999999999,1072.3896873901856
1700000000739787635,buy,0.010959499999999999,3543.5923893148506
1700000000739903565,buy,0.010959499999999999,3416.1975266238055
1700000000740131052,sell,0.010957,1058.3207175333891
1700000000740369613,sell,0.010957,12403.671804192372
1700000000740830413,sell,0.010957499999999998,28296.824036987528
1700000000741554496,sell,0.010957499999999998,47607.4326692474
1700000000742084135,buy,0.010958,1525.9648615821848
1700000000742113462,sell,0.010957999999999999,7000.1506159685905
1700000000742451427,buy,0.010957000000000001,26876.015591342657
1700000000742528431,buy,0.0109575,5553.26587765628
1700000000743916718,buy,0.010958999999999998,1354.515906921069
1700000000744082307,buy,0.010960999999999999,12594.306085784312
1700000000744699471,sell,0.010959499999999999,5083.657852931982
1700000000744782556,buy,0.0109595,685.4610370373774
1700000000745299340,sell,0.010959499999999999,1491.618074301916
1700000000745366936,buy,0.0109605,4000.8138472647292
1700000000745444074,buy,0.0109605,20789.000193015618
1700000000745993212,sell,0.010959499999999999,3719.3282880496085
1700000000746136874,sell,0.0109585,11469.24058462048
1700000000746570386,buy,0.0109595,2847.7066867767467
1700000000746581724,buy,0.0109605,17895.582165890053
1700000000747193932,buy,0.010959,1570.3900912567276
1700000000747452885,sell,0.010957999999999999,47755.53104391129
1700000000747837825,sell,0.010957999999999999,894.9104717602744
1700000000747985397,buy,0.010959,54318.91096787519
1700000000748343815,buy,0.010959499999999999,1684.2406128582063
1700000000748759356,sell,0.010957999999999999,5228.232343979997
1700000000749250842,sell,0.010957999999999999,2593.4155007540467
1700000000749256167,buy,0.010958,5654.774677283778
1700000000749502080,sell,0.010957499999999998,4624.538071492171
1700000000749589641,buy,0.0109585,11708.06195100056
1700000000749791405,buy,0.0109575,4602.119153312771
1700000000749917927,sell,0.010957499999999998,8876.86213803232
1700000000749940161,buy,0.0109575,3726.5594064505935
1700000000750015574,buy,0.010959,8895.946901450323
1700000000751250639,buy,0.0109585,5633.935835467156
1700000000751258872,sell,0.0109585,6957.6517881916525
1700000000751308032,sell,0.0109575,2962.6291594692016
1700000000751619626,buy,0.01096,684.5475918369168
1700000000751845955,buy,0.01096,3331.5807011883253
1700000000752713549,buy,0.010961499999999999,11926.039962322735
1700000000753177140,buy,0.0109605,7819.246567858167
1700000000753205806,sell,0.0109605,7699.8990837143165
1700000000753289762,sell,0.0109595,4826.0089224780695
1700000000753351503,sell,0.0109595,13355.408976208302
1700000000753393009,sell,0.0109605,25033.268957777487
1700000000753493545,buy,0.010961499999999999,2039.579428735815
1700000000753532160,sell,0.0109605,7486.332204594048
1700000000753726028,buy,0.0109615,3396.742449251693
1700000000753966490,buy,0.010960500000000001,2161.1183360105074
1700000000754474051,buy,0.010963,2890.278741240402
1700000000754675188,sell,0.010961999999999998,4684.429185736754
1700000000754854984,sell,0.010960999999999999,23194.500803847473
1700000000755116041,sell,0.010961499999999999,9333.269519354693
1700000000755505048,buy,0.0109625,4359.51547535161
1700000000755887173,sell,0.010962499999999998,856.9718337232322
1700000000755967823,buy,0.0109635,5555.1947257413285
1700000000756107409,sell,0.010962999999999999,1396.2475396724546
1700000000756318333,sell,0.010962,1798.930416128971
1700000000756407646,buy,0.010964999999999999,6056.460051570188
1700000000756467960,buy,0.010964999999999999,2284.6336639599645
1700000000756957575,buy,0.010963,3633.895332731597
1700000000757291805,sell,0.010964999999999999,4593.099129193973
1700000000757550572,buy,0.0109645,2160.118460611542
1700000000757765432,buy,0.0109645,7283.610550005276
1700000000758203920,buy,0.0109655,4400.161827006746
1700000000759111073,sell,0.010962,1060.5216171971979
1700000000759565390,buy,0.010964499999999999,9477.973662772822
1700000000759593346,sell,0.010961499999999999,2026.1018029144425
1700000000759851461,sell,0.010962499999999998,3620.305396748301
1700000000759977335,buy,0.0109635,3870.6168194583024
1700000000760155281,buy,0.0109635,5118.207662505337
1700000000760578365,buy,0.0109635,26503.673556147456
1700000000761239565,sell,0.010963999999999998,9829.790789344432
1700000000761284370,sell,0.010963999999999998,5299.99118649882
1700000000761330240,buy,0.010964,4495.41816170133
1700000000761348112,sell,0.010963999999999998,4170.924753101553
1700000000761530357,sell,0.010962,48565.21035760293
1700000000761608152,sell,0.010961,3930.3496281291345
1700000000761638130,buy,0.010964,23181.489151134236
1700000000761719852,sell,0.010961,7915.013970960974
1700000000762002147,sell,0.010963999999999998,2904.376270401517
1700000000762046055,buy,0.010964,2774.8561783811006
1700000000762340573,sell,0.010962999999999999,3065.6048978432304
1700000000762376632,sell,0.010962999999999999,6107.700667340718
1700000000762461519,sell,0.010963999999999998,2480.9297931129936
1700000000762476781,buy,0.010964,19171.482787166748
1700000000762513782,buy,0.0109645,1014.8445923908027
1700000000762613487,buy,0.0109645,3728.7127511531667
1700000000762654104,buy,0.0109645,17832.001272252386
1700000000763024295,sell,0.010964,10660.405920705885
1700000000763093075,buy,0.010965,12148.727570231975
1700000000763303320,sell,0.010964,19567.450719225908
1700000000763658287,buy,0.010965,19211.192837149214
1700000000763767761,sell,0.010964999999999999,1390.719862100395
1700000000764313643,sell,0.010963,1544.1954557874067
1700000000764711864,buy,0.010965,12205.296361400253
1700000000765162490,sell,0.010964,20258.644967613847
1700000000765291333,buy,0.010964999999999999,8273.268961165364
1700000000765318388,sell,0.010964999999999999,1329.7725484872424
1700000000765969726,sell,0.0109625,4134.5970596283805
1700000000766272160,buy,0.010964000000000002,2781.0848326508617
1700000000766362859,buy,0.010965,1102.9498763028082
1700000000766498614,sell,0.010964999999999999,22919.55884786702
1700000000766541565,sell,0.0109645,4370.226821142491
1700000000767199431,buy,0.0109645,1138.1770926740217
1700000000767372288,buy,0.0109655,2924.774518513395
1700000000767635101,buy,0.010966,3873.931757330612
1700000000767729766,sell,0.010965999999999998,3725.2632507873163
1700000000768043994,buy,0.010965,3044.0670737583528
1700000000768402938,buy,0.010966,14061.096015088506
1700000000768708301,buy,0.010967,14971.13101077064
1700000000769165773,buy,0.0109665,3052.969128450243
1700000000769339935,buy,0.010965500000000001,7297.121769398349
1700000000769664453,buy,0.010967,9206.748894910927
1700000000770050032,buy,0.010965,4742.892276403734
1700000000770255633,sell,0.010964999999999999,3329.117779572019
1700000000770887977,sell,0.010964999999999999,2484.3814615884185
1700000000770906071,buy,0.010967999999999999,1930.058019209185
1700000000770910797,sell,0.010965999999999998,22898.813710118287
1700000000771324577,sell,0.010964999999999999,13333.240074632262
1700000000771723605,sell,0.010965,3517.5448985396943
1700000000772350933,sell,0.010966499999999999,8022.518201783913
1700000000772423545,buy,0.0109665,10027.519875728169
1700000000772685747,sell,0.0109655,9636.105000444217
1700000000772855095,buy,0.0109665,510.8992624620936
1700000000772889868,buy,0.0109665,5127.824981887524
1700000000772990245,buy,0.0109665,4865.123140786106
1700000000773594524,buy,0.010967,1789.3223481282225
1700000000773616371,sell,0.010965999999999998,2716.0249346485125
1700000000773686712,buy,0.010966,13757.901156819295
1700000000773846700,sell,0.010965999999999998,1332.2417272542243
1700000000773902920,sell,0.010965999999999998,7561.796591909735
1700000000774636471,buy,0.0109665,4922.898285816882
1700000000775271451,buy,0.010967,2507.603654696432
1700000000775476079,sell,0.010966999999999998,28800.87821050792
1700000000775557952,sell,0.010965999999999998,10707.672041807036
1700000000775644871,buy,0.010967,2112.6212574099777
1700000000776112732,sell,0.010964499999999999,5684.149958016577
1700000000776189265,sell,0.010964499999999999,3682.2164564341574
1700000000776305553,sell,0.010964499999999999,2494.440816328255
1700000000776772508,buy,0.0109655,1139.2849463324835
1700000000777016697,sell,0.010964,2395.4109485083477
1700000000777222027,sell,0.010964,1507.68727488427
1700000000777574331,buy,0.010965,1198.6448864970175
1700000000778153966,sell,0.0109635,10754.672205464478
1700000000778172188,buy,0.010966499999999999,3290.2660109670815
1700000000778220855,buy,0.010966499999999999,898.06841061607
1700000000778488104,buy,0.010966499999999999,870.8157745728471
1700000000779564706,buy,0.010964000000000002,11958.391768735743
1700000000779873069,sell,0.010964,24725.179739652907
1700000000779969842,sell,0.010964,2886.180190515419
1700000000780132462,buy,0.0109655,9358.100843280728
1700000000780964423,buy,0.010966,5518.208853957362
1700000000781075253,sell,0.0109645,4556.924783127405
1700000000781384572,buy,0.010966499999999999,6400.585341729717
1700000000781808805,buy,0.010966,6091.229970732293
1700000000781971152,buy,0.010965,4035.8593857084506
1700000000782004618,sell,0.010965499999999998,3315.732141857435
1700000000782894223,buy,0.010965500000000001,2528.0772710536758
1700000000782962197,sell,0.010966499999999999,2016.4925448156675
1700000000783088280,buy,0.010967,6248.650642252636
1700000000783148527,sell,0.010965999999999998,1405.1553303184025
1700000000783162872,buy,0.010967,4962.848983186324
1700000000783289139,sell,0.010966999999999998,692.2921323174946
1700000000783502047,buy,0.010967,2030.1103109270473
1700000000783623883,sell,0.010964999999999999,26185.284229996523
1700000000783733814,sell,0.010964999999999999,37907.01131647207
1700000000783906282,buy,0.010967,1636.760467154349
1700000000783968031,sell,0.010964999999999999,4823.39126328593
1700000000784253837,sell,0.010966999999999998,3123.470701558878
1700000000784326141,sell,0.010965999999999998,6192.972544321309
1700000000784382769,buy,0.010966,10573.459239852262
1700000000784498776,buy,0.010967,9653.738614409582
1700000000785036097,sell,0.0109655,32429.584829577714
1700000000785444781,buy,0.0109665,2121.3864089980366
1700000000785551641,buy,0.0109675,5489.756216665959
1700000000785656559,buy,0.0109665,10432.064762145377
1700000000786017814,sell,0.0109655,3071.4892310487085
1700000000786019485,sell,0.0109655,5292.7307718085185
1700000000786039470,sell,0.0109655,3919.5060006738504
1700000000786740571,sell,0.010965999999999998,1491.0088347682731
1700000000786784505,sell,0.010965999999999998,1613.8377584175166
1700000000788290152,sell,0.010966499999999999,4314.192847163843
1700000000788296907,buy,0.0109675,8073.495829795141
1700000000788543031,buy,0.0109675,9496.41580227723
1700000000788726333,sell,0.010966499999999999,10375.511589642942
1700000000788976055,buy,0.0109675,3366.9646330498636
1700000000788979805,buy,0.0109675,7776.325682996228
1700000000789183647,sell,0.010965999999999998,3202.2835967584188
1700000000789523289,sell,0.010966999999999998,4107.173926253184
1700000000790196398,sell,0.010964999999999999,4293.197613565047
1700000000790331961,sell,0.010964999999999999,1305.3488434990168
1700000000790468068,buy,0.010965,7628.168805096515
1700000000790611404,sell,0.010964499999999999,4567.124866752749
1700000000791163041,sell,0.010964999999999999,1108.4335083920157
1700000000791291443,sell,0.010965999999999998,10539.818838413432
1700000000791512245,buy,0.0109645,19753.86405219127
1700000000792612187,buy,0.0109675,9796.231626790806
1700000000792792666,sell,0.0109645,4008.6319711748097
1700000000792976003,sell,0.0109645,3710.2079839610174
1700000000793376040,sell,0.010965999999999998,4723.825999299226
1700000000793523778,buy,0.010967,3756.309785597066
1700000000793847494,buy,0.010967,6453.307568413092
1700000000794006315,sell,0.010967,1729.2040441814486
1700000000794016556,buy,0.010968,3860.2695585174706
1700000000794322001,buy,0.010968,1377.2026066663393
1700000000794338972,sell,0.010967,10854.703565269334
1700000000794342664,sell,0.010967,11748.201180227852
1700000000794481691,sell,0.010967999999999999,2234.818066271786
1700000000794591258,sell,0.0109665,1572.2466062294445
1700000000794912553,sell,0.0109665,1588.4243806828053
1700000000796035347,sell,0.010968499999999999,6686.861822928762
1700000000796132731,buy,0.0109685,8712.074813161062
1700000000796397095,buy,0.0109685,1233.254204656646
1700000000796541767,sell,0.0109665,82375.27868247573
1700000000797036006,sell,0.010966,7736.506576917528
1700000000797852596,sell,0.0109665,2508.408523559684
1700000000798818198,buy,0.010967499999999998,126615.9000960488
1700000000798860249,sell,0.0109655,6958.103586740658
1700000000799274538,buy,0.010967,2842.419525587139
1700000000799347235,sell,0.010965999999999998,1188.192897622686
1700000000799420126,buy,0.010966,2261.2186367629115
1700000000799473821,buy,0.010967,1848.388939391716
1700000000799627023,sell,0.010966,11041.841679556343
1700000000800010997,buy,0.010967,39044.80463139055
1700000000800363506,sell,0.010964,1251.3652198075001
1700000000800874754,sell,0.010964999999999999,6066.866167046663
1700000000800966133,sell,0.010964,1520.7125822191406
1700000000801351125,sell,0.010965499999999998,1298.974632597123
1700000000801442765,sell,0.010964499999999999,6852.955871788717
1700000000801708048,sell,0.010964499999999999,20925.07990345854
1700000000802183899,buy,0.010965,1662.5990682570075
1700000000802837650,sell,0.010964,5134.624866896572
1700000000803146599,sell,0.010964,7350.367891626513
1700000000803837235,buy,0.0109645,5774.317899336902
1700000000803964847,sell,0.0109635,23507.60447709707
1700000000804057820,sell,0.010964,1493.8725447045165
1700000000804310243,sell,0.010964,26247.70553874571
1700000000804932901,sell,0.010964999999999999,7002.640815994455
1700000000805300921,buy,0.0109645,2346.601666357217
1700000000805427166,buy,0.010963500000000001,14832.79772428675
1700000000805569610,buy,0.0109645,1717.520128452971
1700000000806366762,sell,0.010964999999999999,3318.2963285076235
1700000000806410177,sell,0.010964,3659.693220305665
1700000000806940927,sell,0.010964,1459.6125627569206
1700000000807043575,sell,0.010964999999999999,2929.2841541906964
1700000000807113392,sell,0.010964,1852.0542778880829
1700000000807332007,buy,0.010965,3129.659807181691
1700000000807767057,buy,0.0109655,6131.330495685621
1700000000808417703,buy,0.0109645,5612.131030766947
1700000000808625402,sell,0.010962999999999999,4977.902143973057
1700000000809061620,sell,0.010962499999999998,2740.397439165045
1700000000809199526,sell,0.010962499999999998,1515.064795506633
1700000000809339798,buy,0.0109635,8019.615366193485
1700000000809538033,sell,0.010962999999999999,3756.757493943003
1700000000809653912,buy,0.010962000000000001,6826.622341676192
1700000000809893433,buy,0.010963,975.6861675641966
1700000000810180598,sell,0.010961,20057.766160536106
1700000000810345499,sell,0.010961,3207.58780516171
1700000000810403801,buy,0.010962999999999999,9573.105303849115
1700000000810486732,buy,0.010962999999999999,9408.304138227937
1700000000811368949,buy,0.0109625,4398.341913329287
1700000000811767374,sell,0.010960999999999999,1286.0424428037966
1700000000811991573,sell,0.010960999999999999,1156.7558482126494
1700000000812019028,sell,0.010960999999999999,9098.795409693097
1700000000812284743,buy,0.010962999999999999,43859.42753035772
1700000000812486661,buy,0.010962999999999999,9639.220591532174
1700000000812497505,sell,0.01096,32616.63504820962
1700000000812731587,sell,0.0109605,20198.451850841237
1700000000813351773,sell,0.010961499999999999,1943.2011186585016
1700000000814199536,buy,0.0109625,6341.783742194608
1700000000814351754,buy,0.0109625,4789.6834932880565
1700000000814358391,buy,0.0109625,2485.766203315345
1700000000814495450,sell,0.010961499999999999,3575.9376143765326
1700000000814563738,sell,0.0109615,29624.946134476853
1700000000814642211,buy,0.0109635,4542.089549560906
1700000000815636917,sell,0.010961499999999999,14086.149130264865
1700000000815759063,buy,0.0109625,5329.843843689312
1700000000815903222,sell,0.010961499999999999,13822.81049188795
1700000000816035382,buy,0.010962,3788.7593951801523
1700000000816241548,buy,0.010962,3717.391306308367
1700000000816741620,buy,0.010962999999999999,27818.833453934054
1700000000816748109,buy,0.010962,42380.984353938526
1700000000816806209,sell,0.01096,9833.313812366232
1700000000816841676,sell,0.01096,9887.425101815095
1700000000816872733,buy,0.010962999999999999,15276.034367037613
1700000000816983537,buy,0.010962999999999999,17069.485240215006
1700000000817072312,sell,0.0109605,764.4216088072496
1700000000817391290,buy,0.0109625,18039.720590515062
1700000000817466966,sell,0.0109605,5435.772559905137
1700000000817474391,buy,0.0109625,22241.080175748135
1700000000817864965,sell,0.01096,959.2134911646738
1700000000818259089,buy,0.010962,3122.6644224944175
1700000000818337243,buy,0.010962,3175.956442615517
1700000000818665458,sell,0.010961499999999999,4072.4406870515663
1700000000819259192,buy,0.0109625,3617.1986172848756
1700000000819449605,sell,0.0109605,5005.313830535446
1700000000819474787,buy,0.0109635,1986.3124919717627
1700000000819767712,sell,0.010961499999999999,14698.934879538996
1700000000819889490,sell,0.010961499999999999,1966.9616689273423
1700000000819951738,sell,0.010961499999999999,22804.329489814216
1700000000820019830,buy,0.010961499999999999,1914.177493917057
1700000000820099084,buy,0.010962499999999998,2358.4932159774107
1700000000820398635,sell,0.010961499999999999,5403.532842867389
1700000000820885046,buy,0.0109615,13783.18485040344
1700000000821912666,sell,0.010961,1917.7676234756323
1700000000821936600,sell,0.010962,3745.0203609434366
1700000000822088263,buy,0.010962999999999999,5624.784346657185
1700000000822162943,sell,0.010960999999999999,1433.304577169584
1700000000822349837,buy,0.010962999999999999,1017.051218390678
1700000000822708103,buy,0.010962,3693.108167068496
1700000000823181498,buy,0.0109625,1531.349428604058
1700000000823326797,sell,0.0109595,4421.736179040374
1700000000823422382,buy,0.0109615,13055.631001005597
1700000000823465099,buy,0.0109625,4025.3558666001923
1700000000823807418,buy,0.0109615,1419.8610441424976
1700000000824029177,sell,0.010961999999999998,47575.13362659426
1700000000824383990,sell,0.010960999999999999,6859.892376119285
1700000000824390099,sell,0.010960999999999999,1141.2960659080782
1700000000824716504,buy,0.010962999999999999,7136.386316681141
1700000000824891089,buy,0.010962999999999999,22538.754505322788
1700000000825309515,sell,0.010962,5758.831077990033
1700000000825401888,buy,0.010963,13628.707391316597
1700000000825683049,sell,0.010962999999999999,3909.5273506672943
1700000000825708329,sell,0.010962,2486.0001537790567
1700000000826204988,buy,0.010964499999999999,6170.614032018205
1700000000826517749,buy,0.010964999999999999,1091.5153143669875
1700000000827883737,sell,0.010962499999999998,4678.601491180689
1700000000827991601,sell,0.010962499999999998,3376.5949943287187
1700000000828228839,sell,0.010962499999999998,3382.468180852086
1700000000829043800,buy,0.010962000000000001,2791.1431600756687
1700000000829191806,sell,0.010962,5012.25685388509
1700000000829977636,sell,0.010960999999999999,6358.024340227413
1700000000830105256,sell,0.010961499999999999,4581.051124547389
1700000000830196537,buy,0.0109625,3026.1978810439095
1700000000830272636,sell,0.010962499999999998,51531.922326095984
1700000000830842877,sell,0.010961499999999999,4461.388410095938
1700000000831032811,sell,0.010961499999999999,58285.14506400591
1700000000831725049,buy,0.010962,5350.618275469229
1700000000831967987,buy,0.010962999999999999,3727.307395115537
1700000000832010045,sell,0.01096,7789.73431093465
1700000000832029307,sell,0.010960999999999999,6099.120102337874
1700000000832340617,sell,0.010960999999999999,42388.36621103838
1700000000832371316,buy,0.010962999999999999,7873.765085655654
1700000000832633382,sell,0.010960999999999999,5282.479495207921
1700000000832760291,sell,0.010960999999999999,6375.904286044182
1700000000832858799,sell,0.010960999999999999,6159.813021197337
1700000000832989952,buy,0.010962,5098.620010864631
1700000000833333414,sell,0.0109605,20395.746062517588
1700000000833420687,buy,0.0109625,4881.524158172771
1700000000833637852,sell,0.010960999999999999,3455.8108076273843
1700000000833682933,sell,0.010960999999999999,2091.07919045077
1700000000833692917,buy,0.010961,12836.038092780826
1700000000834206360,buy,0.010961,2619.6911608688642
1700000000834362857,buy,0.010961,11694.02435154194
1700000000834506151,sell,0.010961,9259.360418411889
1700000000834618096,buy,0.010962,1337.2442114448406
1700000000835182015,buy,0.010962,9153.829832154837
1700000000835243146,buy,0.010961,59534.63935887836
1700000000835561856,sell,0.01096,16677.801248238535
1700000000835680005,sell,0.010960999999999999,5324.824340556545
1700000000835698874,buy,0.010960000000000001,2219.4677413129734
1700000000835946672,sell,0.01096,2561.329692863196
1700000000836215501,buy,0.0109605,5635.486866707171
1700000000836527830,sell,0.0109585,15804.174043432833
1700000000836598834,buy,0.010961499999999999,25118.377454058806
1700000000837215897,sell,0.010960999999999999,3987.4536286292464
1700000000837341709,buy,0.010961,3058.4711985270474
1700000000837477559,buy,0.010960000000000001,2946.8754825845463
1700000000837664009,buy,0.0109595,2388.251492072009
1700000000837710486,sell,0.010959499999999999,5628.910084800964
1700000000838591026,sell,0.0109605,2160.7522291088576
1700000000838641683,sell,0.0109605,1626.1858180586548
1700000000838734524,sell,0.010961499999999999,1834.2863872977089
1700000000838746407,sell,0.0109605,30926.706175351854
1700000000838945998,buy,0.0109615,1121.7545717876428
1700000000839187581,sell,0.0109605,1627.0595749315294
1700000000839383187,buy,0.0109615,3185.819693962375
1700000000839396489,sell,0.010961499999999999,2875.390828005699
1700000000839540400,buy,0.0109615,5338.139883020481
1700000000839918901,buy,0.0109615,2855.520159388145
1700000000840010146,sell,0.0109595,12585.890488725869
1700000000840733323,sell,0.010958999999999998,5154.158842476244
1700000000840882530,sell,0.010958999999999998,33462.23735259273
1700000000841367713,buy,0.0109595,2070.1963985224866
1700000000841704310,sell,0.010958,26514.419055747585
1700000000841736239,sell,0.010958,3482.9555077829987
1700000000842113141,sell,0.010957999999999999,3608.721233352647
1700000000842419863,sell,0.010957999999999999,10201.944658989229
1700000000842597631,buy,0.01096,5984.16495649808
1700000000842768635,buy,0.01096,5594.037565197109
1700000000842804781,sell,0.010957,6851.087261804683
1700000000843373712,buy,0.010959,3715.3863417195194
1700000000843497176,sell,0.010957,1323.057025081673
1700000000843722843,buy,0.010957000000000001,9733.100611506556
1700000000844049932,sell,0.010956500000000001,5932.819418320766
1700000000844197847,sell,0.0109575,6279.1527305110585
1700000000844294824,sell,0.010956500000000001,10475.36309815438
1700000000844352987,buy,0.0109575,6771.408994010274
1700000000844527519,sell,0.0109565,13535.57698968495
1700000000844529510,buy,0.0109575,7200.770351481639
1700000000844646375,sell,0.0109565,23916.383760865236
1700000000844728483,buy,0.0109575,12135.832681340966
1700000000845089534,sell,0.010955999999999999,12826.472809198616
1700000000845293356,sell,0.010955999999999999,1625.0550951671244
1700000000845765538,sell,0.010955999999999999,10401.810955506873
1700000000846228294,buy,0.0109565,34366.73864525373
1700000000846407148,sell,0.010955499999999998,5281.322744604089
1700000000846445983,sell,0.010955499999999998,2101.727727105987
1700000000846959411,sell,0.010954499999999999,3480.4728995039395
1700000000847120374,buy,0.010955,15593.330625899054
1700000000847141512,buy,0.010955999999999999,2624.7536771813325
1700000000847178811,sell,0.010953,8456.211516297546
1700000000847424043,buy,0.010955999999999999,20618.096796673522
1700000000847465285,sell,0.010953,2830.311557835361
1700000000848111896,buy,0.0109555,3662.8927255499048
1700000000848123057,sell,0.010954499999999999,4248.401056155272
1700000000848162283,sell,0.010955499999999998,5699.138509587707
1700000000849998147,buy,0.010955499999999998,3274.643814486032
1700000000850006101,sell,0.0109535,11135.14605010863
1700000000850386794,buy,0.0109545,4765.676978654008
1700000000850390988,sell,0.0109535,4657.285875352258
1700000000850922542,buy,0.0109545,8756.42049062997
1700000000851958914,sell,0.0109525,6525.985324049019
1700000000852243504,sell,0.010953,39138.08908137263
1700000000852267279,sell,0.010953,1665.3983098475942
1700000000852544495,buy,0.0109535,3972.0521240972917
1700000000852629776,buy,0.0109535,2040.8726094923948
1700000000853184917,buy,0.0109525,10779.926804781995
1700000000853898886,buy,0.010954499999999999,1420.5895992920507
1700000000854269123,buy,0.0109545,1358.753032322527
1700000000854413150,buy,0.0109545,6652.047016460066
1700000000855189906,buy,0.010955,1059.174039201385
1700000000855218231,buy,0.010954,866.8401392163894
1700000000855524063,buy,0.0109555,4439.8462975532975
1700000000855796794,sell,0.010954499999999999,5237.483588213546
1700000000855876550,sell,0.010954499999999999,5035.388449176219
1700000000855905575,buy,0.0109555,14833.604552870096
1700000000855950601,buy,0.0109555,7175.215179201384
1700000000856427367,sell,0.0109555,15782.468512636833
1700000000856479114,buy,0.0109565,5912.730113489437
1700000000856776168,buy,0.010957,6704.209984984935
1700000000856857819,sell,0.010954,1620.1194719948091
1700000000857314977,sell,0.0109555,1821.766325435517
1700000000857896001,buy,0.010957,7396.671705187813
1700000000858050580,buy,0.010956,37624.86113524575
1700000000858093628,sell,0.010956999999999998,26393.605012628836
1700000000858100344,buy,0.010957,6119.788229354514
1700000000858322593,sell,0.010955999999999999,3508.1512568829016
1700000000858783511,sell,0.010955499999999998,6032.669633788455
1700000000859012685,sell,0.010955499999999998,4350.228958327962
1700000000859228211,sell,0.010956499999999997,1742.8187833249206
1700000000859479808,sell,0.010955499999999998,2807.324131598144
1700000000859748647,buy,0.010956,4449.419330027808
1700000000859994020,buy,0.010957,1983.597471121151
1700000000860277543,buy,0.010956,5476.393524487963
1700000000860316983,buy,0.010956,17616.507421444185
1700000000860746039,buy,0.010957499999999998,9407.610629182598
1700000000860784385,buy,0.010957499999999998,12125.29439479731
1700000000860799583,sell,0.010954499999999999,6298.372551073802
1700000000860816565,buy,0.010957499999999998,10121.910857319734
1700000000860856461,buy,0.0109565,18983.596539157697
1700000000860990613,sell,0.010954499999999999,4267.440745657608
1700000000860993400,sell,0.010955499999999998,5694.83610632166
1700000000861033747,sell,0.010955,15605.99590853791
1700000000861055864,sell,0.010955,7559.081254793732
1700000000861190191,sell,0.010955999999999999,9903.545718423498
1700000000861227020,sell,0.010955,6981.11062306743
1700000000861320508,sell,0.010955999999999999,2032.255992732056
1700000000861888148,buy,0.010956,2107.1151733356596
1700000000861999547,buy,0.010957,1788.351236056322
1700000000862802314,buy,0.0109555,2076.42598823085
1700000000863099884,sell,0.010955999999999999,4460.817605839102
1700000000863379174,sell,0.010955,3934.785214828873
1700000000863785032,sell,0.010955,2542.478323307416
1700000000864349344,buy,0.0109565,3925.527739462558
1700000000864558704,buy,0.010953500000000001,3100.5424109402998
1700000000864835506,buy,0.010953500000000001,1221.2078471333823
1700000000864842868,buy,0.0109545,6026.668577953952
1700000000864974364,buy,0.0109545,2843.9227234907626
1700000000865500096,sell,0.010953000000000001,1882.9399807961388
1700000000865973146,sell,0.010953000000000001,11439.548249703936
1700000000867084542,buy,0.0109545,5583.135084868855
1700000000867220878,buy,0.0109545,15787.642228793875
1700000000867367328,sell,0.010954499999999999,9760.85867373851
1700000000867525166,buy,0.010955,28561.52566550916
1700000000867638878,buy,0.010955,4424.954835370613
1700000000868084633,sell,0.010954499999999999,1834.7240970725252
1700000000868440962,sell,0.0109535,1755.0461097331977
1700000000868484159,sell,0.0109535,26119.69191611206
1700000000868790209,buy,0.010954,2807.750764891025
1700000000869850169,sell,0.010953999999999998,7504.1667381827265
1700000000869909220,sell,0.010953999999999998,3998.8540465954393
1700000000870627423,sell,0.010953,3710.7307586179377
1700000000870685233,sell,0.010953,1288.0468841741538
1700000000870770112,buy,0.010954,8215.377700720874
1700000000870799402,buy,0.010953000000000001,8369.08857362971
1700000000870873695,buy,0.010954,21098.335168445883
1700000000871439036,buy,0.010954,8448.98765857927
1700000000871992551,buy,0.0109535,84070.36061046101
1700000000872229506,buy,0.010954,12222.648843350913
1700000000873170744,sell,0.010953000000000001,48084.08780293023
1700000000873188380,buy,0.010955,6816.098314326168
1700000000873227544,sell,0.010953000000000001,528.1052353355088
1700000000873612990,sell,0.010952499999999999,51712.06224318806
1700000000873928116,sell,0.010953499999999998,3986.720607046537
1700000000874656647,buy,0.010955999999999999,3517.0897364161347
1700000000874780444,buy,0.010955999999999999,13273.23252861537
1700000000875123962,sell,0.010954499999999999,2434.818263367885
1700000000876326338,sell,0.010954499999999999,4642.203317675029
1700000000876328107,buy,0.0109555,1561.7278021559473
1700000000877302048,sell,0.010954499999999999,2127.0723623281383
1700000000877489723,buy,0.0109545,3781.9623364081594
1700000000877590308,sell,0.010953,16174.85123013333
1700000000877657370,sell,0.010953,19206.538180438078
1700000000878015995,sell,0.0109535,9711.551526078609
1700000000878257523,buy,0.010953500000000001,4460.0216965572345
1700000000879346987,buy,0.010955,4921.580566818877
1700000000879697042,buy,0.0109555,2070.0506487447074
1700000000879958083,sell,0.010954499999999999,2116.4523027253495
1700000000880087820,sell,0.0109535,4328.340906941157
1700000000880255609,sell,0.010954499999999999,1453.051322542833
1700000000880370536,sell,0.010954499999999999,2925.406313177387
1700000000880454876,sell,0.0109535,3247.6421573026537
1700000000880456198,buy,0.010955499999999998,13653.071305482368
1700000000881233593,buy,0.010957,7617.994729044607
1700000000882078306,buy,0.0109565,4654.326284301697
1700000000882318673,buy,0.0109555,1642.488973774628
1700000000882487537,sell,0.0109555,4458.177792409748
1700000000882503067,sell,0.0109545,4979.792889787838
1700000000882539953,sell,0.0109545,2611.1175038839206
1700000000883073776,sell,0.010955999999999999,3095.673684752771
1700000000883298591,sell,0.010955999999999999,5312.497143768599
1700000000883415204,buy,0.010956,19079.57762284537
1700000000883651556,buy,0.0109565,5998.719098324701
1700000000883711032,sell,0.010955499999999998,5534.267049773751
1700000000883892379,sell,0.010955499999999998,7912.305086808812
1700000000883926184,buy,0.0109565,2324.0827559918007
1700000000884540810,sell,0.010955,1913.9208799750593
1700000000884626636,sell,0.010955,2922.3434592346584
1700000000884678683,buy,0.010956999999999998,32736.609722517496
1700000000884854371,sell,0.010955,28240.975053636394
1700000000884965042,sell,0.010955,20754.567384104015
1700000000885005649,buy,0.010955999999999999,2470.368662570107
1700000000885058337,buy,0.010956999999999998,1799.108441797218
1700000000885097635,buy,0.010955999999999999,3404.889089318034
1700000000885447312,buy,0.010956999999999998,844.1425980358956
1700000000885825187,sell,0.010955,6658.756519305592
1700000000885910602,sell,0.010955,1097.1059161721805
1700000000887054422,buy,0.0109565,3935.3986354909307
1700000000887111331,sell,0.0109535,8203.143147342977
1700000000887458483,buy,0.0109565,2348.071701337596
1700000000887481060,buy,0.0109565,4550.80805725753
1700000000887525091,buy,0.010957,5214.386577263941
1700000000888008362,sell,0.010955499999999998,8138.09365624596
1700000000888032983,sell,0.010955499999999998,4677.865188334647
1700000000888186484,sell,0.010955499999999998,1221.619851546957
1700000000888293609,buy,0.0109565,2264.8829062069194
1700000000888397103,buy,0.0109565,1693.0481454194978
1700000000888583742,sell,0.010955,5470.769003541364
1700000000889010133,sell,0.0109545,43801.50703942749
1700000000889947750,buy,0.0109565,2807.9510740837586
1700000000890141525,sell,0.010955499999999998,12548.321912500112
1700000000890275958,buy,0.0109565,10112.905038323106
1700000000890421515,buy,0.0109565,8188.859998697504
1700000000890544121,sell,0.010956999999999998,18269.35083976317
1700000000890587644,sell,0.010955999999999999,4669.031682027109
1700000000890606005,sell,0.010955999999999999,875.1120968180508
1700000000890627252,buy,0.010957,846.8064970456684
1700000000891014007,buy,0.010957999999999999,3906.948814914027
1700000000891240192,buy,0.010957999999999999,2069.967872185256
1700000000891251121,sell,0.010956,20097.227507232772
1700000000891482794,sell,0.010956,19149.2174241134
1700000000891853739,sell,0.010956999999999998,3067.3889745657743
1700000000891951625,buy,0.010957,7383.634297430923
1700000000892294869,sell,0.010955499999999998,9029.467312371635
1700000000892562066,buy,0.010957,4943.006796782293
1700000000892706740,sell,0.010955999999999999,3823.7445736653863
1700000000892743130,sell,0.010955999999999999,22721.863105378394
1700000000892808520,buy,0.010957,12645.463684588683
1700000000892843654,sell,0.010955999999999999,6372.3548545103895
1700000000893152402,sell,0.010955,3346.5378933608986
1700000000893530903,sell,0.010954,8474.295802017394
1700000000893914149,sell,0.010955,14821.787904029816
1700000000893977276,sell,0.010954,3114.083851264174
1700000000894154820,buy,0.0109555,6213.17539767176
1700000000894330500,buy,0.0109555,2659.152689491255
1700000000894515710,sell,0.010955,93223.78233247003
1700000000894930733,sell,0.010954,10046.01808371743
1700000000894947492,buy,0.010955999999999999,488.0800988066626
1700000000895279491,buy,0.0109555,4193.853542150357
1700000000895529814,buy,0.0109555,6359.167034441798
1700000000895607901,sell,0.0109525,3025.656201614042
1700000000895617563,buy,0.0109555,2987.4703220913907
1700000000895986475,buy,0.0109545,23920.997189605096
1700000000896149393,sell,0.010952,20996.95497592182
1700000000896447789,sell,0.010953,10977.508547875577
1700000000896568805,buy,0.0109535,3249.6689312186536
1700000000896693051,buy,0.0109525,6210.109890133298
1700000000896886308,buy,0.0109535,6965.3503038491035
1700000000897160053,buy,0.010954499999999999,966.1625922462493
1700000000897578548,sell,0.010952499999999999,3030.1527953071386
1700000000898203087,sell,0.0109515,12415.112945450725
1700000000898304481,sell,0.0109515,2122.2390060054017
1700000000898376251,buy,0.0109525,3810.64738280936
1700000000898632061,sell,0.0109515,1187.3713071842421
1700000000898839608,buy,0.0109535,4231.595464196662
1700000000898839719,buy,0.0109535,1838.641937104089
1700000000898919212,sell,0.0109505,2366.328174979536
1700000000899158086,sell,0.0109505,9764.769243070637
1700000000899197469,sell,0.0109505,1161.1041176826625
1700000000899261898,buy,0.010952499999999999,33762.14479542364
1700000000899320606,sell,0.0109515,3981.1950731399743
1700000000899563452,buy,0.0109515,6926.597358912378
1700000000899645025,buy,0.0109515,4559.238469055182
1700000000899850794,buy,0.010952499999999999,13900.187010896403
1700000000900112826,buy,0.010951,23209.93196676357
1700000000900358059,sell,0.010950999999999999,9667.315250390639
1700000000900707831,sell,0.010951999999999998,2809.692616407022
1700000000900750691,buy,0.010951,4907.944669410434
1700000000900799860,buy,0.010952,6922.7444455424875
1700000000901128148,sell,0.01095,3667.4904098589877
1700000000901270208,sell,0.01095,3579.4467421552554
1700000000901327924,buy,0.010950000000000001,39653.0659461555
1700000000901768393,buy,0.010952,98463.16560127927
1700000000901923321,buy,0.010952,13057.337774376549
1700000000902047714,buy,0.0109505,8149.654375552196
1700000000902167553,sell,0.010950499999999998,3017.6113432823613
1700000000902199799,buy,0.0109515,2165.6240850786544
1700000000902358334,sell,0.010950499999999998,6831.755772166571
1700000000902692136,sell,0.010950499999999998,9902.720552236562
1700000000903211379,sell,0.010951999999999998,3781.561960157498
1700000000903460437,buy,0.010952,2618.4275806202936
1700000000903750914,buy,0.0109525,5935.714250864405
1700000000904368118,sell,0.0109515,7268.674634260401
1700000000904471637,buy,0.0109525,5205.305764488076
1700000000904821715,buy,0.010953,14911.624506882243
1700000000905207039,sell,0.0109515,7851.366491071867
1700000000905584465,buy,0.010953,9966.600024836303
1700000000905589134,sell,0.010951999999999998,709.8860865461519
1700000000906085068,buy,0.010952,9434.5327188501
1700000000906183674,sell,0.010951,5247.556142029124
1700000000906238147,buy,0.010953,11288.924935625704
1700000000906447939,buy,0.010953,6673.168864387659
1700000000906540334,sell,0.0109515,3016.6086864389645
1700000000907098065,buy,0.010953,793.7564940058752
1700000000907478248,buy,0.010953999999999998,30595.681276493717
1700000000907529354,sell,0.010952,2314.382950339767
1700000000907734441,buy,0.010953,14020.732433141367
1700000000907826234,buy,0.010953,9998.379166197023
1700000000907954198,sell,0.010953,18438.183896368042
1700000000908062881,sell,0.010952499999999999,805.3787962132684
1700000000908179509,sell,0.010953499999999998,5265.167546171116
1700000000908644087,sell,0.0109535,22531.80505661578
1700000000908896218,buy,0.0109555,9289.846982949137
1700000000909081189,buy,0.010954,5166.776898415574
1700000000909864912,sell,0.010954499999999999,2427.184065955404
1700000000910538342,buy,0.010955,3737.729023431655
1700000000910738448,sell,0.010953000000000001,8009.784885699429
1700000000910784822,buy,0.010955,13797.084590321756
1700000000911444800,sell,0.0109535,2658.36981637224
1700000000911522562,buy,0.0109555,18232.63058585561
1700000000911979844,buy,0.0109555,16298.079951900645
1700000000912571378,sell,0.010953999999999998,3011.972737057011
1700000000913087687,sell,0.010953999999999998,3611.389779255053
1700000000914097485,buy,0.0109545,1211.237250085145
1700000000914111767,buy,0.0109545,326.24135970444615
1700000000914116194,sell,0.0109535,1581.8047341673102
1700000000915112688,sell,0.0109515,3185.4560880863505
1700000000915184803,sell,0.0109515,6111.688923296062
1700000000915351804,sell,0.0109515,12940.52178427723
1700000000915431554,buy,0.010954499999999999,13771.371809277714
1700000000915768100,buy,0.010953999999999998,13934.747356253043
1700000000915791559,sell,0.010952,6126.439835985889
1700000000916157896,sell,0.010952499999999999,14216.252720874389
1700000000916390617,sell,0.010952499999999999,2850.90287615135
1700000000916637591,buy,0.010953499999999998,8195.917859016256
1700000000916832942,buy,0.010953499999999998,1839.901487216187
1700000000916892302,buy,0.010952499999999999,2055.3202892509184
1700000000917341698,buy,0.0109535,3275.783133935531
1700000000917550829,buy,0.0109525,28493.30381048457
1700000000917793007,buy,0.0109525,3090.350842014381
1700000000917823266,buy,0.0109525,10697.65207241726
1700000000917893594,sell,0.0109515,18543.029028689325
1700000000918394140,buy,0.010953,6427.513206018554
1700000000918614666,buy,0.010953,872.6746102309678
1700000000918914475,buy,0.010953,7556.005866011929
1700000000919031240,buy,0.010951500000000001,11988.716296573813
1700000000919450973,sell,0.0109515,3306.9613545914854
1700000000919735401,sell,0.01095,911.2750717840285
1700000000919744259,buy,0.010952,2540.6178126642963
1700000000919784569,buy,0.010953,4122.355492390004
1700000000920238121,sell,0.0109495,6864.184730928798
1700000000920273436,buy,0.010952499999999999,8451.076676023426
1700000000920401875,buy,0.0109515,2778.9739694065634
1700000000920524786,buy,0.010950999999999999,2410.919380347516
1700000000920671951,buy,0.010951999999999998,1586.6525312780536
1700000000920892696,buy,0.010951999999999998,1201.8699546053103
1700000000920979308,sell,0.01095,5441.701934898728
1700000000921248160,sell,0.0109505,2468.803542845835
1700000000921280696,sell,0.0109505,3137.2624307813176
1700000000921393704,buy,0.0109515,7787.017997958171
1700000000921439917,sell,0.010949500000000001,1517.280936676845
1700000000921444040,sell,0.010949500000000001,939.8799877750035
1700000000921649356,sell,0.01095,1991.705847639392
1700000000922214238,buy,0.0109515,3265.4371795807324
1700000000922510867,buy,0.010952,6282.355149023002
1700000000922702337,buy,0.010952,11467.633592066004
1700000000922712942,sell,0.010950999999999999,40949.167835652814
1700000000922770048,sell,0.010950999999999999,1575.9292167945932
1700000000922798490,sell,0.010950999999999999,7155.383369744304
1700000000922970509,sell,0.010950999999999999,2135.0243947271347
1700000000923104344,buy,0.010953999999999998,2906.106730288979
1700000000923127847,sell,0.010950999999999999,12169.99460389317
1700000000923337309,buy,0.010953999999999998,3460.498207205407
1700000000923490713,sell,0.010951999999999998,8218.520551481462
1700000000923532642,sell,0.010951,106241.34002560649
1700000000924221301,buy,0.010952,6059.891192756333
1700000000924463310,buy,0.010952,2199.2638554364157
1700000000925737197,buy,0.0109525,8913.435308117017
1700000000925835563,sell,0.010952499999999999,4591.831542732935
1700000000925964444,sell,0.010953499999999998,8405.572369596162
1700000000925977719,sell,0.010952499999999999,24603.619590120372
1700000000926525585,sell,0.010953,13333.246407034017
1700000000926943183,buy,0.010954,7063.422860767104
1700000000927043978,buy,0.0109555,2841.253027515678
1700000000927227497,buy,0.0109555,7871.5528279995315
1700000000927382657,buy,0.0109555,4806.166903078722
1700000000927410076,sell,0.0109535,5074.5495635932475
1700000000927419374,buy,0.0109555,13361.94991260164
1700000000927759856,sell,0.010954999999999998,12080.20355076415
1700000000927771198,buy,0.010955,2073.163205933797
1700000000927772763,sell,0.010953999999999998,17924.238266924298
1700000000927839742,buy,0.010954,7647.461018366808
1700000000928171908,sell,0.010954999999999998,1011.4882285810588
1700000000928387897,buy,0.010955,1659.879840883824
1700000000928720445,sell,0.010954999999999998,13347.830414993608
1700000000928804159,buy,0.010955,3328.2217924014753
1700000000928909938,sell,0.010954999999999998,4516.246861377728
1700000000928927534,buy,0.010955,2208.2401685635646
1700000000928963120,sell,0.010953999999999998,9642.640165595634
1700000000929857012,buy,0.0109555,3563.9455281183546
1700000000930209247,buy,0.010956,3483.7365902310958
1700000000930406647,sell,0.010955,3701.6103590046673
1700000000930702006,sell,0.010955499999999998,8229.261492905449
1700000000931207433,sell,0.010955499999999998,3217.3035899592305
1700000000931471074,buy,0.0109565,5946.795628435596
1700000000931733281,sell,0.010955499999999998,1146.8297061600063
1700000000931991761,buy,0.0109565,3826.0326551746266
1700000000932225290,sell,0.010955,7510.167513309255
1700000000932703849,buy,0.010957,16597.495770454498
1700000000932707805,sell,0.010956999999999998,5996.009163501922
1700000000932925684,sell,0.010956999999999998,2213.6224180160066
1700000000933077990,sell,0.0109555,3179.3874734231517
1700000000933322942,sell,0.0109555,2529.292976799645
1700000000933364162,sell,0.0109555,8570.360403728098
1700000000933370908,buy,0.010957499999999998,328.4020131162772
1700000000934095094,buy,0.0109585,15014.483684362005
1700000000934179467,buy,0.0109585,7499.442619133602
1700000000934358494,buy,0.0109585,4050.5569531255824
1700000000934446195,sell,0.0109565,10991.941501716141
1700000000934953560,buy,0.010957,4271.098355797908
1700000000934961905,buy,0.010957999999999999,8152.862176070667
1700000000935220392,sell,0.010955499999999998,755.0446332640761
1700000000935501033,buy,0.0109565,8077.742911989638
1700000000935528198,sell,0.010955499999999998,4929.465661218529
1700000000935835804,sell,0.010956499999999997,969.8698206626021
1700000000936000867,buy,0.0109575,3890.1699389975306
1700000000936121235,buy,0.0109575,2159.9678294352875
1700000000936998208,sell,0.0109565,26823.52494907044
1700000000938218503,buy,0.010958,1226.7245460656775
1700000000939046411,sell,0.010957999999999999,11004.00283846014
1700000000939076481,sell,0.010957999999999999,16768.0285983755
1700000000939146175,buy,0.010959,5892.605640128538
1700000000939277334,sell,0.010957999999999999,8530.472139753456
1700000000940038624,buy,0.01096,11116.038139356713
1700000000940881555,sell,0.010957999999999999,9506.431301070286
1700000000941309171,buy,0.0109585,8459.794311235013
1700000000941349475,sell,0.010957499999999998,9069.20723808781
1700000000942142541,buy,0.0109585,4587.679894757477
1700000000942634407,buy,0.010957,2080.4680389999753
1700000000942718224,sell,0.010956,2585.884908422928
1700000000942929408,sell,0.010956,8116.350866975825
1700000000943547510,buy,0.0109585,20811.848687756992
1700000000943949479,buy,0.0109575,1329.2454432933985
1700000000944005058,buy,0.010957000000000001,6146.637002896106
1700000000944744063,sell,0.010955999999999999,1378.9407333796082
1700000000944753728,sell,0.010955,20596.79978850372
1700000000944966101,buy,0.010957999999999999,4118.724497074308
1700000000945003669,buy,0.010959,9378.649606772835
1700000000945139412,buy,0.010958,7861.176979299044
1700000000945219337,sell,0.010956,3621.6405997477577
1700000000946151519,buy,0.0109585,11311.251749007344
1700000000946167933,sell,0.0109565,12557.489379514724
1700000000946516572,sell,0.010958999999999998,10830.124708469746
1700000000946966971,sell,0.010957999999999999,3113.7302087831226
1700000000947027680,buy,0.010958,30853.039354966448
1700000000947097390,buy,0.010958,19933.751705439638
1700000000947105480,sell,0.010957999999999999,2658.4280714121487
1700000000947165980,sell,0.010957999999999999,1960.34339625482
1700000000947702020,sell,0.0109585,9467.68734742825
1700000000947882302,buy,0.010958500000000001,4437.080340982291
1700000000948114885,buy,0.010959,2435.3438821045147
1700000000948353561,sell,0.010957999999999999,4309.95929397879
1700000000948853154,sell,0.010957999999999999,2956.474038251206
1700000000949601148,buy,0.010959,3251.7602877461286
1700000000949707979,sell,0.010957999999999999,2735.9668016944247
1700000000949734061,sell,0.010957999999999999,34325.04450560898
1700000000949752207,sell,0.010957999999999999,1660.475756223047
1700000000949813997,buy,0.010959,25219.897625007878
1700000000949957231,buy,0.010958,11700.60528054148
1700000000949970692,buy,0.010958,2249.3002395700314
1700000000950119159,sell,0.0109585,3765.121134810327
1700000000950320793,sell,0.0109585,6391.340812569938
1700000000950379526,sell,0.0109585,9976.179213228112
1700000000951485363,buy,0.0109595,5734.337321115487
1700000000951572095,sell,0.010959499999999999,4682.875356999194
1700000000951796009,sell,0.0109585,13771.012845873822
1700000000952535634,sell,0.0109585,4153.05552868651
1700000000952824759,sell,0.0109575,26311.86309242232
1700000000952860429,sell,0.0109575,3830.593315259206
1700000000953385654,sell,0.010957,2863.167587313447
1700000000953409231,buy,0.01096,12461.008074067106
1700000000953708757,buy,0.010959,1195.7840379319182
1700000000953864437,sell,0.010957999999999999,3547.6026443052383
1700000000954302533,buy,0.010958999999999998,4323.139723108737
1700000000954309492,buy,0.010958999999999998,11504.957128111211
1700000000954687364,sell,0.010958499999999998,8141.329259249894
1700000000954716960,buy,0.0109585,12938.96872879987
1700000000954930681,sell,0.010958499999999998,6984.326253538961
1700000000955044591,buy,0.0109585,1219.0160837676958
1700000000955062691,sell,0.010957499999999998,3820.5092169108925
1700000000955218567,buy,0.0109585,1691.329798334159
1700000000956096628,buy,0.010960999999999999,3097.0039518094927
1700000000956426467,buy,0.010960999999999999,13861.94407974495
1700000000956445440,buy,0.010960999999999999,1369.2868387174758
1700000000956885403,buy,0.01096,29312.3699982385
1700000000957088591,sell,0.010959999999999998,2714.6753401224073
1700000000957213812,buy,0.01096,31664.505778154944
1700000000957423485,buy,0.01096,4150.7903633540245
1700000000957533070,sell,0.010960000000000001,2976.4472849749313
1700000000957694875,sell,0.010960000000000001,6921.15764105343
1700000000957754976,sell,0.010960000000000001,4361.232501262344
1700000000957769091,sell,0.010960000000000001,14757.611028098565
1700000000957845833,sell,0.010961,8471.412718452893
1700000000958124090,buy,0.010962,5207.956398197449
1700000000958297933,sell,0.010961,2403.0294179033112
1700000000959201968,buy,0.010960500000000001,14874.826046113409
1700000000959280681,sell,0.010961499999999999,3018.8093919372127
1700000000959329374,buy,0.0109615,3282.835544822795
1700000000959806412,buy,0.0109625,1141.2080306047835
1700000000960643728,sell,0.010962,2072.9068589558387
1700000000960797044,sell,0.010961,1325.4027350459864
1700000000961357249,sell,0.010962499999999998,4292.761090266172
1700000000961553825,buy,0.010963,5273.273903779778
1700000000961877875,sell,0.010962,26756.453912105593
1700000000962233736,buy,0.010962999999999999,2809.807465773282
1700000000962839549,sell,0.010961,3649.19814577325
1700000000962937892,sell,0.010961,2673.986095291793
1700000000963118616,buy,0.010964,1856.2790898576245
1700000000963251329,sell,0.010963999999999998,1035.9855995397238
1700000000963295700,sell,0.010962999999999999,5607.17826708537
1700000000963717369,sell,0.010962,4019.25664199995
1700000000964179837,buy,0.010962999999999999,4666.596942228921
1700000000964284983,buy,0.010962999999999999,5796.283169072944
1700000000964342101,sell,0.010962,5368.008406064679
1700000000964443856,sell,0.010962999999999999,1790.0847197626738
1700000000964618086,sell,0.010962999999999999,8661.419295904427
1700000000964718250,buy,0.010964,12786.959566740858
1700000000964826859,buy,0.010963,900.9269896417672
1700000000964967041,sell,0.010962999999999999,5450.1926763533
1700000000965022635,buy,0.0109645,15056.027319494351
1700000000965087270,sell,0.0109625,2887.18333407439
1700000000965212327,sell,0.0109625,1511.5624874729967
1700000000965470411,buy,0.0109645,1964.618341290159
1700000000965832523,sell,0.010962999999999999,10784.716364849186
1700000000966031780,buy,0.010964,5735.9943666056815
1700000000966846484,buy,0.010963,2204.8092587489887
1700000000967619803,sell,0.010962,2728.4123209866443
1700000000968198371,buy,0.010963,11209.701294075661
1700000000969030991,sell,0.010962499999999998,7698.569164948739
1700000000969105334,sell,0.010961499999999999,7874.776117521914
1700000000969232334,buy,0.0109615,7213.177187776505
1700000000969903883,sell,0.010960999999999999,34617.572831069934
1700000000970256553,sell,0.0109605,16928.338392124824
1700000000970635920,buy,0.010964,55704.09097612302
1700000000971245117,buy,0.010962,3492.0703423130226
1700000000971535281,sell,0.01096,8883.23176307058
1700000000972328768,buy,0.010961,4328.267907405155
1700000000972367604,sell,0.010960999999999999,4378.15452202395
1700000000972711334,sell,0.010960999999999999,19573.809520472867
1700000000972769705,buy,0.010962,9934.823006337901
1700000000972837411,buy,0.010962,7835.916970362885
1700000000972927041,sell,0.010960999999999999,12206.451037981742
1700000000973546182,sell,0.0109605,719.1318754209386
1700000000974054418,buy,0.010961,25664.84176737113
1700000000974580660,sell,0.0109605,4276.762398169161
1700000000974880495,sell,0.0109605,6318.042401389449
1700000000975499676,sell,0.010960000000000001,19618.278768737928
1700000000976742213,sell,0.0109605,16705.384027172393
1700000000977013195,sell,0.010960499999999998,1398.2840895566233
1700000000977040613,buy,0.0109605,4883.92160181546
1700000000977049336,sell,0.010960499999999998,6583.9685333997695
1700000000977251704,buy,0.0109605,8371.803770669232
1700000000977686332,buy,0.010961499999999999,2551.4697722907595
1700000000977939268,sell,0.0109595,8590.40782128132
1700000000978206263,buy,0.010961,3329.7509492037434
1700000000978228015,sell,0.01096,7181.79706934769
1700000000978395401,buy,0.010961,9570.702609968064
1700000000978622575,buy,0.010960000000000001,494.605324690556
1700000000978674987,sell,0.01096,8266.328328649906
1700000000978683360,sell,0.01096,13816.927114261518
1700000000978919365,buy,0.010961,44309.483222557785
1700000000979282539,buy,0.0109615,3953.718130464394
1700000000979303412,buy,0.0109615,15307.10743984189
1700000000979307180,buy,0.010960500000000001,868.7098275275616
1700000000979520607,sell,0.010960999999999999,18986.864408526068
1700000000979846366,sell,0.010960999999999999,7428.794126643993
1700000000979868011,sell,0.010961999999999998,2128.406692806104
1700000000980047622,buy,0.010960500000000001,1685.6652655712585
1700000000980294555,buy,0.0109615,2413.5947408755433
1700000000980359976,buy,0.010960500000000001,10530.223872106715
1700000000980601983,sell,0.010960000000000001,4388.605552012436
1700000000981163666,buy,0.010961,3796.4440313693112
1700000000981213146,sell,0.010960999999999999,1717.7974153257846
1700000000981648567,sell,0.0109605,451.3371196302403
1700000000981784849,sell,0.0109605,5351.044228140099
1700000000981813934,sell,0.0109605,1883.1550461167349
1700000000981821949,buy,0.0109625,2104.6494538454194
1700000000982182860,buy,0.0109625,2115.300689488198
1700000000982817654,buy,0.010962,7275.830954926963
1700000000983601499,buy,0.010961,7607.896664018835
1700000000983659687,buy,0.010960000000000001,2906.882704250078
1700000000983736940,sell,0.01096,556.2449195327873
1700000000983757806,buy,0.010961,644.5271883921814
1700000000983987452,sell,0.01096,4497.475935533538
1700000000984084170,buy,0.0109605,10380.128366344916
1700000000984108708,buy,0.0109605,7232.329429598876
1700000000985208288,sell,0.010958999999999998,3574.5499082148376
1700000000985291870,buy,0.01096,3585.543272240348
1700000000985578169,sell,0.010957999999999999,5092.031534796226
1700000000985665132,buy,0.010958,3003.156696933374
1700000000985984154,buy,0.010959,1615.502891273931
1700000000986049340,sell,0.0109585,52221.97090357986
1700000000986263822,sell,0.0109585,4825.682554928332
1700000000986339503,buy,0.0109595,2259.7123808017236
1700000000986639827,buy,0.01096,4616.539339481016
1700000000986671330,buy,0.010959,27428.861670876566
1700000000986837956,sell,0.010958,8765.61078163931
1700000000986972909,sell,0.010958,639.068589710844
1700000000987099959,sell,0.0109585,36483.714362266845
1700000000987385565,sell,0.0109585,5907.47669103475
1700000000987463524,buy,0.0109595,7367.519447506234
1700000000987574960,sell,0.010959,1778.6564185233112
1700000000987813130,sell,0.010958,24142.669249142335
1700000000987955489,sell,0.010959,3421.3009465437594
1700000000988015930,buy,0.01096,16787.371250943717
1700000000988062392,buy,0.010959,1416.1465254787847
1700000000988269494,sell,0.010958999999999998,10304.786893099512
1700000000988355466,sell,0.010959999999999998,19199.9605661338
1700000000988660738,buy,0.010960499999999998,2121.7386421353767
1700000000989032771,sell,0.010958999999999998,4258.370767903535
1700000000989474934,buy,0.01096,10984.773484128089
1700000000989727562,buy,0.0109595,15061.125588801486
1700000000989921983,sell,0.0109585,5976.119851175654
1700000000990231381,sell,0.010960499999999998,488.98634473784495
1700000000990238136,buy,0.0109595,14555.478193835928
1700000000990432074,sell,0.010959499999999999,17506.953812450105
1700000000990769191,sell,0.010959499999999999,915.1692516027022
1700000000991411725,sell,0.010959999999999998,3155.378857765349
1700000000991736370,sell,0.0109585,29639.61684525228
1700000000991791997,buy,0.010959499999999999,2111.122569207683
1700000000991808626,sell,0.0109585,5693.973567513801
1700000000991858485,sell,0.010959499999999999,10638.897345723157
1700000000992043711,sell,0.010959,2951.3961047530383
1700000000992172648,sell,0.010959,3798.032991733326
1700000000992313490,sell,0.01096,44728.74806395012
1700000000992621226,buy,0.010961499999999999,1434.9440778949656
1700000000993044518,buy,0.010960500000000001,1180.2537583225378
1700000000993287781,buy,0.0109615,2575.2291788066354
1700000000993459766,buy,0.0109615,3285.9624784809325
1700000000993786992,buy,0.010962999999999999,9570.862787095068
1700000000993895366,buy,0.010962999999999999,2858.992807838299
1700000000993998955,sell,0.010961,2688.5439753821015
1700000000994325574,sell,0.010961499999999999,6529.131550649105
1700000000994404779,buy,0.010962499999999998,10182.840967848264
1700000000994416676,sell,0.0109605,953.6489074489527
1700000000994599688,buy,0.010962,9469.85262070462
1700000000994977902,sell,0.010960999999999999,20830.760093666842
1700000000995559679,sell,0.010961,8344.058436486184
1700000000995704074,sell,0.010960000000000001,2215.6748573066657
1700000000995973614,buy,0.010962,12705.70815716102
1700000000996227650,buy,0.0109615,27551.03110337559
1700000000996611736,buy,0.010963,5654.762657643868
1700000000996869965,buy,0.010963,17897.035514402283
1700000000997194199,sell,0.010961,18681.032255172086
1700000000997816157,sell,0.0109605,9379.94710245801
1700000000997859209,buy,0.010962499999999998,9446.327793298216
1700000000997953910,sell,0.0109605,6515.84438364521
1700000000998316151,buy,0.0109625,7574.46557497023
1700000000998800083,sell,0.010960000000000001,10898.895872263687
1700000000998835834,buy,0.010962,4819.674729795169
1700000000999470293,buy,0.010961,559.2270288296751
1700000001000691865,sell,0.010959499999999999,11828.748023860979
1700000001001167613,sell,0.010959499999999999,1434.5973967092714
1700000001001179961,buy,0.0109605,5186.284584562063
1700000001001514141,buy,0.01096,1046.4686516841905
1700000001002175458,buy,0.010961499999999999,13316.17683470785
1700000001002376868,buy,0.010961499999999999,10396.675231918261
1700000001002590168,buy,0.01096,9548.672978696579
1700000001002612406,buy,0.01096,10088.739225050149
1700000001002833398,sell,0.010958999999999998,6788.130924229026
1700000001002960997,sell,0.010958999999999998,5499.333760842673
1700000001003045348,buy,0.010960499999999998,9914.795829849154
1700000001003461275,sell,0.0109585,5495.17970755428
1700000001003913879,buy,0.010959,13951.180898172119
1700000001004074697,sell,0.010957,4429.855282937016
1700000001004084099,buy,0.01096,68063.05286092678
1700000001004564046,sell,0.010958999999999998,5209.541482982133
1700000001004831336,buy,0.010959,11627.623289570129
1700000001004999591,sell,0.010957999999999999,6235.4901218377045
1700000001005023870,buy,0.0109585,9131.345010022054
1700000001005255659,buy,0.0109575,6183.174527743945
1700000001005889321,sell,0.010958499999999998,4156.098521591975
1700000001005939619,buy,0.0109585,22914.743522491233
1700000001006035912,buy,0.0109575,3135.207618200705
1700000001006133144,buy,0.0109585,985.2447395970245
1700000001006395292,buy,0.0109585,4116.584049420641
1700000001006739514,sell,0.0109565,1278.9791963078785
1700000001007135318,buy,0.0109575,3700.715400074473
1700000001007239846,sell,0.010957499999999998,12807.438132256533
1700000001007371272,sell,0.010958499999999998,2414.421973984889
1700000001007525830,sell,0.010956,3987.810429067029
1700000001007934996,buy,0.010959,25821.450300281704
1700000001008020892,sell,0.010957499999999998,11909.463649277857
1700000001008675287,sell,0.010957,13948.573795920762
1700000001008913315,sell,0.010957,13930.65121181621
1700000001009429425,sell,0.0109575,2721.2517909492585
1700000001009585041,sell,0.0109565,627.0640314322544
1700000001009618352,sell,0.0109565,7374.112717271887
1700000001009681202,sell,0.0109565,5086.7999896222045
1700000001009687033,sell,0.0109565,6399.910161788079
1700000001009715490,sell,0.0109565,11135.222249473134
1700000001010243924,sell,0.010956,8325.671830180225
1700000001010363493,buy,0.010959,10222.04613306063
1700000001010410846,sell,0.010956,10796.02610250105
1700000001011001467,buy,0.01096,438.0909566022852
1700000001011116379,buy,0.01096,1418.3184619354467
1700000001011151885,sell,0.010958,2788.1435406273927
1700000001011183169,sell,0.010958,1801.4940444535441
1700000001011483194,sell,0.010959,506.47452396679085
1700000001011726701,buy,0.0109595,2181.707416730273
1700000001011818927,buy,0.0109595,6366.576812106886
1700000001012096911,buy,0.01096,1814.7017087153567
1700000001012255433,sell,0.010959999999999998,1260.576945694605
1700000001012449000,buy,0.01096,1702.3175481964595
1700000001012466469,sell,0.010958999999999998,5787.790677609477
1700000001012546188,sell,0.010958,8759.210136486752
1700000001012655098,sell,0.010959,5283.3077848134235
1700000001013058655,sell,0.0109585,5519.708082683468
1700000001013067027,buy,0.0109605,5777.481878069541
1700000001013111492,sell,0.0109575,7117.302188441672
1700000001013466971,buy,0.0109605,7087.871305408963
1700000001013770325,buy,0.0109595,2881.754316650915
1700000001014327576,sell,0.010958999999999998,34286.91643399818
1700000001014327819,sell,0.010958999999999998,6170.196577684651
1700000001014433849,buy,0.01096,3836.217986638629
1700000001014570248,buy,0.0109585,1191.4108823569231
1700000001014812912,sell,0.0109575,4318.046038366339
1700000001014971168,sell,0.0109585,18543.79364855099
1700000001015007577,sell,0.010959,1013.0288920929867
1700000001015280023,buy,0.01096,16831.100495885203
1700000001015346614,sell,0.010958,3610.7851635732763
1700000001015432974,buy,0.01096,1554.366177345094
1700000001015643568,buy,0.01096,1916.4023326688232
1700000001015652829,sell,0.010958999999999998,2905.2369525706863
1700000001015739203,buy,0.01096,2865.597036747235
1700000001015913386,sell,0.010958999999999998,1603.585616263679
1700000001015922309,buy,0.01096,2001.7104407990212
1700000001016121735,sell,0.0109585,2702.2142398673855
1700000001016198866,sell,0.0109585,5021.15682127752
1700000001017638471,sell,0.0109575,6591.137314407579
1700000001017961571,sell,0.0109575,19825.19603742321
1700000001018677668,buy,0.010958,3761.392496960811
1700000001018680052,sell,0.010957,4405.955631185311
1700000001018979955,buy,0.010958,4068.188087862471
1700000001019648537,buy,0.010958,1477.0465539442548
1700000001020027294,sell,0.0109575,1005.4901666025391
1700000001020129697,sell,0.0109575,4792.440526162017
1700000001020238377,buy,0.0109585,1688.3592194883404
1700000001020506858,buy,0.010959,7588.668910852604
1700000001020729078,buy,0.010959,548.8012179797081
1700000001020892110,sell,0.010958999999999998,5268.250874912121
1700000001020977912,sell,0.010957999999999999,2056.5648764403686
1700000001021092751,buy,0.0109585,9802.908937023201
1700000001021109134,buy,0.0109585,58815.55730229062
1700000001021738629,buy,0.0109585,3314.547832744011
1700000001021759418,buy,0.0109585,9562.296259925484
1700000001022009444,buy,0.010958,4122.217892734175
1700000001022418019,buy,0.010958,14261.965298479188
1700000001022508464,sell,0.010956,26615.356814841074
1700000001022515033,buy,0.010958,12183.118356973717
1700000001022858412,sell,0.010956,8916.75161554345
1700000001023183421,sell,0.010956500000000001,4354.225947525523
1700000001023423424,sell,0.010956500000000001,1028.1226017908737
1700000001023573202,buy,0.0109575,18222.612678956935
1700000001023827143,sell,0.010957499999999998,8289.907624986681
1700000001024075044,buy,0.0109575,993.5123014650522
1700000001024191513,buy,0.0109575,2504.689720389279
1700000001024513892,buy,0.0109585,721.0841358511137
1700000001024581053,buy,0.0109575,1825.3167697834642
1700000001024800652,sell,0.010957499999999998,5998.649179900767
1700000001024983704,sell,0.010958499999999998,6642.361918555331
1700000001025376344,buy,0.0109585,12294.95787296891
1700000001025507076,buy,0.010959,12414.822842208041
1700000001025892722,buy,0.010959,7530.547327495893
1700000001026493054,sell,0.010958,1319.3107930433441
1700000001026877129,buy,0.0109605,5107.93544810233
1700000001027236694,buy,0.010960999999999999,2644.296044740244
1700000001027358516,sell,0.010959,8914.656199680432
1700000001027658681,sell,0.010960499999999998,1075.913455335295
1700000001027928543,sell,0.010959499999999999,7390.811067746736
1700000001028288915,sell,0.010961499999999999,6092.975630807944
1700000001028394324,sell,0.0109605,6825.272634596538
1700000001028940401,buy,0.010962,9414.216324146708
1700000001029177759,sell,0.010959499999999999,19716.218556358413
1700000001029179586,sell,0.010960499999999998,5052.24490327531
1700000001029388487,sell,0.010959499999999999,5349.429523433879
1700000001029746044,sell,0.010957999999999999,17994.09698967148
1700000001029753719,buy,0.010960999999999999,6752.012648770317
1700000001029806122,buy,0.01096,8235.08698548025
1700000001029834781,sell,0.010957999999999999,2549.5057173547825
1700000001030001568,sell,0.010958999999999998,3412.9826209100447
1700000001030249774,buy,0.01096,2930.942677024093
1700000001030507445,sell,0.010959999999999998,1206.402455543545
1700000001030660412,buy,0.010959,11097.38661574134
1700000001030827956,sell,0.010958999999999998,1079.917180258207
1700000001031235670,sell,0.01096,3926.1760249394742
1700000001031559303,sell,0.010959499999999999,1574.5544692690191
1700000001032024847,sell,0.010960499999999998,17108.19959431957
1700000001032391508,buy,0.0109605,5890.331076344639
1700000001032417226,sell,0.010959499999999999,12674.38789135007
1700000001032522435,buy,0.010960999999999999,16732.31144780473
1700000001032552242,sell,0.010959,2481.49017453597
1700000001032727807,sell,0.01096,31317.358635179527
1700000001032805738,sell,0.010959,3545.151572099309
1700000001033236284,buy,0.010960499999999998,8739.536978441358
1700000001033373049,sell,0.0109585,11585.057920505758
1700000001033773519,buy,0.010958500000000001,14510.034385909226
1700000001033903521,sell,0.0109585,1297.7325051396354
1700000001033989428,buy,0.010958500000000001,9008.446384532568
1700000001034019150,sell,0.0109585,7428.971442798548
1700000001034198372,sell,0.0109585,395.9765980930335
1700000001034255327,sell,0.010959499999999999,39063.374087904725
1700000001034326027,sell,0.010959499999999999,29342.30246011889
1700000001034596821,buy,0.010959499999999999,1779.0062309029229
1700000001034732488,sell,0.010957499999999998,3620.7857024507616
1700000001034796114,sell,0.0109565,1177.338603613938
1700000001035152522,sell,0.010957,29631.79391474577
1700000001035194123,sell,0.010957,51371.622046134195
1700000001035366810,buy,0.010957999999999999,4866.598158570184
1700000001036530822,sell,0.0109565,6664.9355085853995
1700000001036662749,buy,0.0109575,2286.6642988234585
1700000001036794075,sell,0.0109565,3589.754435690871
1700000001037016156,sell,0.0109555,4972.682581453276
1700000001037290750,sell,0.0109555,11164.214583615818
1700000001037532325,sell,0.010957,4146.00401105516
1700000001037897124,sell,0.010957999999999999,13901.524453951128
1700000001038171704,buy,0.0109575,691.7757412317555
1700000001038352900,buy,0.0109575,13050.564177273794
1700000001038361525,sell,0.0109565,8010.106547680431
1700000001038530225,buy,0.010957000000000001,80859.40578870717
1700000001038536067,buy,0.010957000000000001,3119.5165679366983
1700000001038687325,sell,0.010957999999999999,2949.854900082013
1700000001039718184,buy,0.010958,16474.955978835827
1700000001039814584,buy,0.010958,3320.2054216902798
1700000001040042527,sell,0.010956,3469.2396113392847
1700000001040051122,sell,0.010956,19926.994045956133
1700000001040081737,buy,0.010957999999999999,4153.825167413361
1700000001040362576,buy,0.010957999999999999,6323.45568320805
1700000001040397299,sell,0.010956,1236.8228541038163
1700000001040662895,sell,0.010957,9055.492512585959
1700000001041066923,sell,0.010957999999999999,3874.211869938675
1700000001041434578,buy,0.01096,807.3843047010863
1700000001041502200,buy,0.0109575,3435.179625020477
1700000001041827158,sell,0.010957499999999998,6797.963389590122
1700000001041845412,buy,0.0109585,1558.3750277578345
1700000001042049033,sell,0.010957499999999998,3483.590015301266
1700000001042052602,sell,0.010958499999999998,1619.6471130062553
1700000001042372313,buy,0.0109585,11488.926310595685
1700000001042405482,sell,0.010957499999999998,4504.327701441509
1700000001042560457,sell,0.010958999999999998,8486.869635146139
1700000001042577130,sell,0.010957999999999999,11713.127996784737
1700000001042866126,sell,0.010958999999999998,8414.533197548568
1700000001042912776,sell,0.010957999999999999,2079.1302756989326
1700000001042927848,buy,0.010959,12629.766034957991
1700000001043136434,sell,0.010957,8533.422808550298
1700000001043281708,sell,0.010957,1744.1825141022582
1700000001043450000,sell,0.010957,2424.484131807016
1700000001043593547,buy,0.01096,11603.371407694549
1700000001043739223,buy,0.01096,2867.512680535182
1700000001043764904,sell,0.010958999999999998,3845.09002105594
1700000001043800342,buy,0.01096,12338.641077459903
1700000001043953302,sell,0.010958999999999998,2240.793878729964
1700000001044021221,sell,0.010958999999999998,9235.509623822794
1700000001044064594,buy,0.01096,2522.2294793583314
1700000001044220248,buy,0.01096,8963.527359662166
1700000001044503707,buy,0.01096,2691.154088855011
1700000001045291280,buy,0.010958500000000001,41754.28646428203
1700000001045307225,buy,0.0109595,6911.528281293766
1700000001045360310,buy,0.0109595,3203.1182137146043
1700000001045432752,sell,0.010959499999999999,5645.509256620561
1700000001045896884,sell,0.010959499999999999,2527.5737426435194
1700000001046220771,sell,0.010958999999999998,5163.138055185561
1700000001046882937,sell,0.0109585,2145.960496933238
1700000001047186201,buy,0.01096,13362.063117381798
1700000001047490196,sell,0.010957,238.45897903915545
1700000001047593640,buy,0.01096,2693.85885949125
1700000001047947180,sell,0.010957,8865.989359040375
1700000001048053056,sell,0.010958999999999998,1713.7058510615154
1700000001048071328,buy,0.01096,219913.37614354322
1700000001048238013,sell,0.010958999999999998,35974.071856661816
1700000001048334452,sell,0.010958999999999998,9397.23326810007
1700000001048559980,sell,0.0109585,4384.946902300406
1700000001048881600,sell,0.0109585,5540.327459486106
1700000001049236514,buy,0.01096,2700.850306828966
1700000001049600122,sell,0.010958999999999998,14227.567709441839
1700000001049616810,sell,0.010958999999999998,5591.905660098747
1700000001049777912,sell,0.010958999999999998,9453.374117451427
1700000001050342720,buy,0.010961,3468.3668606966226
1700000001050421690,buy,0.010961,12191.759075770746
1700000001050857853,buy,0.0109595,8685.659785842256
1700000001050999669,buy,0.0109605,1859.9526654106867
1700000001051765161,sell,0.010961499999999999,2208.450769964244
1700000001052279181,sell,0.0109605,14456.401419795491
1700000001052356293,sell,0.0109605,6117.667920779959
1700000001053089783,sell,0.0109605,9975.024444587316
1700000001053467374,buy,0.010960500000000001,3647.554526384867
1700000001053819856,sell,0.01096,2351.362948893392
1700000001053913623,buy,0.010961,3531.2437644216616
1700000001054248900,sell,0.010960000000000001,10707.389062030637
1700000001054765277,sell,0.0109595,18485.6246777337
1700000001054898168,sell,0.0109595,2989.832308473401
1700000001054999599,buy,0.010961499999999999,4370.886827081277
1700000001055182774,sell,0.0109595,9361.67278139715
1700000001055231236,buy,0.0109615,1561.7893022399044
1700000001055316155,buy,0.0109625,43893.11282178843
1700000001055732095,sell,0.01096,9938.709288143273
1700000001056024573,sell,0.0109605,10045.005300074
1700000001056705530,buy,0.010960500000000001,5893.058541850143
1700000001056966562,buy,0.0109615,3432.9300388004094
1700000001057192198,sell,0.010961,2954.4704356421007
1700000001057223312,buy,0.010962,7303.6418511166075
1700000001057330847,buy,0.010961,3684.9190669895384
1700000001058231731,sell,0.0109605,2105.7904072568112
1700000001058628987,buy,0.010962,5754.0558680344775
1700000001058848097,buy,0.010962,5971.029284798199
1700000001059020000,buy,0.0109615,11380.288654015034
1700000001059695896,sell,0.0109605,9337.128817245733
1700000001060535956,sell,0.0109595,4725.737247598768
1700000001060913897,buy,0.0109625,600.480299720605
1700000001060992376,sell,0.0109595,1219.0963709164148
1700000001061418111,sell,0.010961999999999998,12709.766368449576
1700000001061423834,sell,0.010960999999999999,14146.750995499
1700000001061464383,sell,0.010960999999999999,4974.840445486925
1700000001061567224,sell,0.010960999999999999,2768.977045167521
1700000001061658100,buy,0.010961,1310.9908195022063
1700000001061680905,sell,0.010960999999999999,11222.562260423603
1700000001061918657,buy,0.010961,8403.701275717445
1700000001061994391,buy,0.010962,4167.860490674048
1700000001062020575,buy,0.010962,2654.431233846471
1700000001062067552,buy,0.010961,5213.344534182676
1700000001062278309,sell,0.010960999999999999,4421.745847444664
1700000001062342210,sell,0.010960999999999999,941.8986198845652
1700000001062465724,sell,0.010960999999999999,5879.332873291005
1700000001062928796,buy,0.0109615,8418.834416093054
1700000001063100252,sell,0.010962999999999999,980.6919517588519
1700000001063467838,sell,0.010962,13266.289326608694
1700000001063580692,sell,0.0109595,6026.468370295235
1700000001063918852,sell,0.0109595,4294.722609869234
1700000001063950064,sell,0.0109595,3273.9915944560685
1700000001063975609,buy,0.0109615,4365.821757602735
1700000001063995688,buy,0.0109615,1628.27632709979
1700000001064051986,sell,0.010961499999999999,5675.203409137308
1700000001064300275,sell,0.0109605,12629.312195344595
1700000001064421133,sell,0.0109605,7382.4943870383295
1700000001064456203,sell,0.010961499999999999,11579.465714331844
1700000001065412619,buy,0.0109615,4093.8340674421315
1700000001066563714,buy,0.0109635,14973.020213833772
1700000001066665048,sell,0.0109605,2946.6848049206055
1700000001066837753,sell,0.010961499999999999,6102.633217693162
1700000001066889077,sell,0.0109605,2688.131898846873
1700000001066908190,buy,0.0109635,5476.193092098915
1700000001067214533,sell,0.010960999999999999,2290.8599998292602
1700000001067415647,sell,0.010960999999999999,3242.6234321391257
1700000001067445905,buy,0.010962,1729.6788259212651
1700000001067837425,sell,0.010961,5651.249796624161
1700000001068111328,buy,0.0109615,14830.395508842344
1700000001068653025,buy,0.010964499999999999,2521.5872661458693
1700000001069366870,buy,0.010963,2234.1893060955454
1700000001069785911,sell,0.010963499999999998,4732.586619044202
1700000001071097923,buy,0.010964999999999999,12253.28552830195
1700000001071800383,buy,0.010964,2821.3647676808755
1700000001072690331,sell,0.010961499999999999,3356.2871314886675
1700000001072808978,sell,0.010961499999999999,6087.922402612393
1700000001073047951,buy,0.0109625,8060.1627684656005
1700000001073394748,sell,0.0109615,8060.558199525084
1700000001073454490,sell,0.0109615,1021.9700280190575
1700000001073952512,sell,0.0109615,2687.507330201719
1700000001074136525,sell,0.010962499999999998,6460.278446504134
1700000001075202046,buy,0.010964499999999999,2711.0805023716425
1700000001075514020,buy,0.0109625,62135.63895478436
1700000001075637281,buy,0.0109635,2713.788379965032
1700000001075837262,sell,0.010962499999999998,4429.445545062871
1700000001076274385,sell,0.0109625,3785.76564762207
1700000001076446291,buy,0.010964499999999999,1156.089703180562
1700000001076640164,buy,0.010964,6775.895838385334
1700000001076693182,sell,0.010963999999999998,4347.115680389804
1700000001076703800,sell,0.010962999999999999,2193.016740359267
1700000001076846550,buy,0.010963,15088.411269202366
1700000001077245039,sell,0.010963500000000001,9865.252948499032
1700000001077275946,sell,0.010963500000000001,11017.886644277673
1700000001077311201,sell,0.010963500000000001,4684.069831001731
1700000001077400469,buy,0.0109655,42257.893653708845
1700000001077777767,sell,0.010964999999999999,1858.2028348868307
1700000001077868505,buy,0.010964000000000002,4152.2365880570205
1700000001078297413,buy,0.0109655,5339.165255681089
1700000001078356314,buy,0.0109655,3205.033043889853
1700000001078405179,sell,0.010964499999999999,1436.0532936602774
1700000001078406758,buy,0.0109655,909.5548892543163
1700000001078483026,sell,0.010964499999999999,3047.499725336731
1700000001078676131,sell,0.010964,11198.546430905833
1700000001078824727,sell,0.010964,6400.241897114211
1700000001078878284,sell,0.010964,6601.260828435357
1700000001079030664,buy,0.0109665,24382.96012621703
1700000001079134511,buy,0.0109665,16652.890132970457
1700000001079505204,buy,0.010966,3830.683220489793
1700000001079508167,sell,0.010964999999999999,29300.90785478151
1700000001079713872,buy,0.010966,1614.067782038107
1700000001079741129,buy,0.010965,1596.3070873459242
1700000001080030645,buy,0.0109675,6752.757745989468
1700000001080911500,sell,0.010966499999999999,2680.3497805167895
1700000001081127558,sell,0.010964999999999999,1600.4191233580286
1700000001081468594,sell,0.010964999999999999,2500.6794851735385
1700000001081562874,buy,0.0109655,5138.332867013953
1700000001081641722,buy,0.0109655,3958.3688981910263
1700000001081730315,buy,0.0109655,9415.264667287533
1700000001081739754,buy,0.0109655,25983.74776504017
1700000001081754142,buy,0.0109655,1055.1253251933367
1700000001081937084,buy,0.0109655,7641.4279496753525
1700000001082672031,sell,0.0109635,1565.1213271810275
1700000001083185691,sell,0.010962999999999999,29257.525752589114
1700000001083445767,buy,0.010963,9212.318382672058
1700000001083540972,sell,0.0109625,2777.525642767159
1700000001084053482,buy,0.010962999999999999,698.6020830580051
1700000001084509554,sell,0.0109635,3207.905965040689
1700000001085010828,buy,0.0109645,4822.636766628114
1700000001085283654,buy,0.0109645,2426.840745383481
1700000001085411219,buy,0.0109645,1067.0647247778686
1700000001085462977,sell,0.010964499999999999,1564.5681343520594
1700000001085674926,sell,0.0109635,4068.178364079764
1700000001085823044,sell,0.0109635,4513.815592942162
1700000001086106453,sell,0.010962999999999999,2933.5680220901017
1700000001086610776,sell,0.010961499999999999,1141.190425984881
1700000001086749737,sell,0.010961499999999999,2696.434995690066
1700000001086775449,buy,0.0109635,15816.402060525914
1700000001086936782,sell,0.010961499999999999,3995.62550557091
1700000001087552725,buy,0.010963,5113.495524282012
1700000001087574786,sell,0.010962,5324.434170017383
1700000001087586516,buy,0.010963,2401.4899067909164
1700000001087843111,buy,0.010963,24042.093848792894
1700000001087890431,sell,0.010962,1349.8593967421575
1700000001088043996,buy,0.010963,8611.924075567917
1700000001088464653,buy,0.010962000000000001,2632.2211925500974
1700000001088466690,buy,0.010962000000000001,3681.405327336696
1700000001088467530,sell,0.010962,171.09623565976034
1700000001088532041,sell,0.010962,23754.8419689408
1700000001088667001,sell,0.010962999999999999,14681.140027327008
1700000001089266657,sell,0.01096,5174.749570024413
1700000001089938470,buy,0.010961,6097.501253777974
1700000001090143087,sell,0.010961499999999999,6652.672113210396
1700000001090583138,buy,0.0109615,28742.527229296247
1700000001090626185,buy,0.010960500000000001,2492.063307988464
1700000001090841221,sell,0.0109605,14604.41430458242
1700000001090983676,buy,0.0109615,25547.25272840958
1700000001091066753,buy,0.010962999999999999,10288.310918321156
1700000001091098239,sell,0.010962,1507.1498388483049
1700000001092336275,buy,0.0109625,3331.3660165587544
1700000001092730583,sell,0.010960999999999999,2217.3338326155394
1700000001092954942,buy,0.010961,2198.123049495741
1700000001092986049,buy,0.010962,15857.223656839784
1700000001093453007,buy,0.0109605,3464.7070868285705
1700000001093972844,sell,0.0109585,3677.384248852335
1700000001094000009,buy,0.010961499999999999,6249.59110167511
1700000001094225096,sell,0.0109585,5779.634799446977
1700000001094276384,sell,0.0109585,4270.531436748877
1700000001094368708,sell,0.010959499999999999,1311.3281972064792
1700000001094449261,buy,0.010961499999999999,1139.3964036661175
1700000001094653718,buy,0.010960999999999999,9219.686566273773
1700000001095072319,buy,0.010960999999999999,4837.557766518732
1700000001095631068,buy,0.01096,5949.68021573032
1700000001095795184,buy,0.010959,2730.003342482166
1700000001095944845,buy,0.010959,2704.511524744958
1700000001096410917,sell,0.010958999999999998,8452.694698960398
1700000001096529444,buy,0.0109605,29400.085573227654
1700000001096546221,sell,0.0109585,7076.13449838107
1700000001096771686,sell,0.0109585,1130.3467553542948
1700000001096874655,sell,0.010959499999999999,1469.0221931028345
1700000001096990599,sell,0.0109585,15461.546341281035
1700000001097579132,buy,0.010959,3997.277780470001
1700000001097708431,buy,0.01096,2679.0380070998017
1700000001097775331,sell,0.010958999999999998,7617.260048869766
1700000001098214672,buy,0.01096,5075.489288784795
1700000001098347460,sell,0.010959999999999998,1872.6033707768538
1700000001098379105,sell,0.010958999999999998,8099.735875667363
1700000001098386286,buy,0.01096,19531.383220644562
1700000001098563281,buy,0.0109595,2492.5726731856525
1700000001098872976,buy,0.0109595,5378.120011094301
1700000001098911051,buy,0.0109605,3664.9944019562604
1700000001098915211,sell,0.010959499999999999,1790.709889188458
1700000001099066694,sell,0.010958999999999998,8269.230620305656
1700000001099161176,buy,0.01096,3484.1016083726427
1700000001099162224,buy,0.010959,4650.98551319063
1700000001099793285,buy,0.010959,580.9764398275042
1700000001100101810,sell,0.010957499999999998,2799.384809465914
1700000001100130274,buy,0.010959499999999999,11591.268233168495
1700000001100686216,buy,0.010959,899.508254289626
1700000001100905646,buy,0.010959,2800.0954035950126
1700000001100915045,buy,0.010959,3966.911506966082
1700000001100962263,buy,0.010958,13852.464425887561
1700000001101235777,buy,0.0109585,5190.953130527405
1700000001102033002,sell,0.010957999999999999,4590.051036177559
1700000001102217007,sell,0.010958999999999998,1855.5031522594697
1700000001102496958,buy,0.010959,29705.097158247576
1700000001102630821,buy,0.0109595,1032.6772169372973
1700000001102898785,sell,0.0109585,2345.070398478752
1700000001103187639,buy,0.0109595,3274.9965250083505
1700000001103503705,sell,0.0109575,9025.718300161147
1700000001104361317,sell,0.010958499999999998,3999.2943345321264
1700000001104405065,buy,0.0109575,9729.12522022412
1700000001104406854,buy,0.0109585,2415.5125852748815
1700000001104445460,sell,0.010957499999999998,691.8830127923264
1700000001105511567,sell,0.010957999999999999,5338.171797210474
1700000001105920846,sell,0.010957999999999999,1163.1821799262652
1700000001106076181,buy,0.010958999999999998,2773.7700990717917
1700000001106092103,sell,0.010957999999999999,7151.154240629825
1700000001106199351,sell,0.010957999999999999,12173.44588649171
1700000001106294638,buy,0.010958999999999998,8019.30550518366
1700000001106516303,sell,0.010957999999999999,5927.113496267734
1700000001106572890,buy,0.010958999999999998,9442.309052964441
1700000001106659913,sell,0.010957999999999999,1543.9765385643157
1700000001106922509,buy,0.010958999999999998,4900.277718390346
1700000001107596060,buy,0.0109585,3315.8385873905427
1700000001107697530,sell,0.010958499999999998,8166.149165870188
1700000001107876889,buy,0.0109585,2015.4241529526691
1700000001107988770,sell,0.010957499999999998,39784.9945942022
1700000001109385894,buy,0.010958,2315.028371258516
1700000001109482719,buy,0.010958,16828.129129119618
1700000001109496077,buy,0.010958,8038.672153530529
1700000001109657221,sell,0.010957,22246.13544286077
1700000001110670327,sell,0.010957499999999998,5603.555743583998
1700000001110689648,sell,0.010957499999999998,1088.4328006718374
1700000001110717136,buy,0.0109575,2885.1568154165893
1700000001110735415,sell,0.010957499999999998,18663.64299750483
1700000001111293077,buy,0.010959499999999999,8188.710370618668
1700000001111630460,sell,0.010960499999999998,3383.2812983399126
1700000001111950985,buy,0.0109605,4956.663114335119
1700000001111977426,sell,0.010959499999999999,61601.83774272508
1700000001112091755,sell,0.010960999999999999,15004.703368821818
1700000001112164921,sell,0.01096,53121.27529177008
1700000001112225309,buy,0.010961,13850.900502249571
1700000001112270887,sell,0.01096,5132.016621323636
1700000001112684306,sell,0.0109605,2801.3864395849378
1700000001112966846,sell,0.010961499999999999,3970.4075188510365
1700000001113442033,sell,0.010959499999999999,25785.638887920464
1700000001113535909,sell,0.010959499999999999,4211.052262145459
1700000001113713160,sell,0.010959499999999999,2463.5361532629277
1700000001114088591,sell,0.010959999999999998,2258.4562564851044
1700000001114280099,buy,0.01096,4596.282833917364
1700000001114306273,sell,0.010959999999999998,5755.429878429186
1700000001114812822,buy,0.01096,7257.725602864097
1700000001115084907,sell,0.010959499999999999,4107.340466992998
1700000001116178310,buy,0.01096,7653.126228790423
1700000001116328884,sell,0.010958999999999998,2901.0032673972437
1700000001116405387,sell,0.010958999999999998,31585.15493017524
1700000001118946179,sell,0.010957,481.7666897520217
1700000001119088178,sell,0.010958999999999998,2899.6770881567973
1700000001119129104,buy,0.010959,26289.226752623686
1700000001119415910,sell,0.010958999999999998,3819.089935910126
1700000001119497299,buy,0.010958,35597.1559748878
1700000001119625173,buy,0.010958999999999998,5892.971558221009
1700000001119644796,sell,0.010957,5092.373822491552
1700000001120108692,sell,0.010957,59293.57584043883
1700000001120250406,buy,0.010958,2644.5914379000774
1700000001120929183,sell,0.0109565,9109.07043899584
1700000001121196822,buy,0.010958,4677.123774278505
1700000001121405488,buy,0.010957000000000001,7272.304029742892
1700000001121421780,buy,0.010958,8219.147516953048
1700000001121640710,buy,0.0109595,34245.48072324179
1700000001121788881,sell,0.0109585,18415.050101294626
1700000001121797755,sell,0.0109585,1299.68576829422
1700000001121800274,sell,0.010959499999999999,407.4580144459519
1700000001121961686,sell,0.010959499999999999,1437.3626058632
1700000001122232412,sell,0.010959499999999999,2092.954548899529
1700000001123066582,sell,0.010957,11267.053857816752
1700000001123158863,sell,0.010957999999999999,10487.152409226564
1700000001123170000,buy,0.01096,882.0675204104076
1700000001123732721,buy,0.0109595,13808.900198436328
1700000001123927866,buy,0.010958500000000001,5479.727715820327
1700000001123937296,sell,0.0109585,15424.549585181501
1700000001124175978,sell,0.0109575,1751.58685118234
1700000001124253539,buy,0.010959499999999999,25488.96633979756
1700000001124422755,sell,0.0109575,1195.6067066689643
1700000001124548814,buy,0.010958500000000001,6798.851034285617
1700000001125057853,sell,0.01096,19626.166110491296
1700000001125474437,buy,0.010960999999999999,5986.99997374074
1700000001125523885,buy,0.0109605,1840.6615408225252
1700000001125527182,buy,0.0109605,9685.423655169703
1700000001125582487,buy,0.0109605,4709.391857925083
1700000001125902608,sell,0.010959499999999999,3307.6029126421954
1700000001125906837,sell,0.010960499999999998,1694.9492856284178
1700000001126139545,sell,0.0109585,12394.484210336945
1700000001126438388,buy,0.010961499999999999,2170.6092258022577
1700000001126565231,sell,0.01096,2075.415709013766
1700000001126884145,buy,0.010960000000000001,3103.4859640527284
1700000001127165515,buy,0.010962,4537.772518960051
1700000001127251426,buy,0.010961,8646.91594305547
1700000001127343433,buy,0.010962,1429.4397903798736
1700000001128062809,buy,0.010962499999999998,1254.087493214962
1700000001128668627,sell,0.010960999999999999,3340.763132006638
1700000001129888530,buy,0.0109625,5383.3033285038355
1700000001130021704,sell,0.0109605,61289.65668206558
1700000001130056118,sell,0.0109595,26431.29321489965
1700000001130571850,buy,0.010961,4796.107863921848
1700000001130872651,sell,0.01096,5850.65833816275
1700000001131351303,sell,0.0109585,1354.8896473632922
1700000001131679750,buy,0.01096,529.3219964946612
1700000001131720524,sell,0.010958,2455.1197687785725
1700000001131902808,sell,0.010958,2306.7532387343294
1700000001132016915,buy,0.0109595,9375.795304173367
1700000001132038171,sell,0.010959499999999999,13794.946427410607
1700000001132218485,buy,0.0109605,2165.9790912210483
1700000001132351596,buy,0.0109605,1853.029004108826
1700000001132774186,buy,0.0109615,8670.016849366293
1700000001132906109,buy,0.0109615,1730.2822803315885
1700000001132985286,sell,0.0109605,4507.782298547145
1700000001133231131,buy,0.0109615,6098.667145855873
1700000001133380024,sell,0.0109605,10072.526942428954
1700000001133415700,sell,0.0109605,6886.539530771483
1700000001133586058,sell,0.010961999999999998,8112.628147606277
1700000001133751047,sell,0.010960999999999999,4242.899165216408
1700000001133848281,sell,0.010960999999999999,35892.44980780837
1700000001134122016,sell,0.010960999999999999,6258.892263981461
1700000001134449118,sell,0.010960999999999999,14053.779358712152
1700000001134755888,buy,0.010962499999999998,15683.60841760118
1700000001135174546,buy,0.010961499999999999,1556.9536294433008
1700000001135194165,sell,0.0109605,8192.153895610809
1700000001135233792,sell,0.0109605,1392.1536348839602
1700000001135689722,buy,0.0109625,4582.84928661994
1700000001136019892,sell,0.010960999999999999,2544.783254284441
1700000001136626095,buy,0.010961,1523.1677509383182
1700000001136844421,sell,0.01096,3865.5369226627367
1700000001137044854,sell,0.01096,51521.84435125338
1700000001137053356,sell,0.010959,8353.557580418248
1700000001137187454,buy,0.010961,2494.988247685798
1700000001137694617,buy,0.010960999999999999,49829.6314361032
1700000001137737412,buy,0.01096,786.0855685377526
1700000001137766899,sell,0.010959,9057.879884165612
1700000001137843582,sell,0.010959,4250.093908194849
1700000001138166664,sell,0.0109585,7943.736464067436
1700000001138567088,sell,0.0109585,12173.21663260837
1700000001138780594,buy,0.010961499999999999,2039.7886701215755
1700000001138856333,buy,0.0109605,2275.633186255862
1700000001139489724,sell,0.010959,34120.817359791945
1700000001139627991,buy,0.010961,4747.119117892784
1700000001140009915,buy,0.010961,2330.438130683077
1700000001140246645,sell,0.01096,19021.208117573955
1700000001140425127,buy,0.010961,8146.90196062403
1700000001140524481,buy,0.010961,6763.4000917748
1700000001140769973,sell,0.01096,27977.604084048064
1700000001141019773,buy,0.010961499999999999,2174.9096975147822
1700000001141083870,buy,0.010961499999999999,3094.92607032993
1700000001141153997,sell,0.0109585,91952.70622959282
1700000001141489514,buy,0.010961499999999999,2468.0043126869555
1700000001141630704,sell,0.010959499999999999,4257.1799504042865
1700000001141648553,sell,0.010960499999999998,2464.3582522644706
1700000001141823341,sell,0.010959499999999999,1881.8911500067159
1700000001142013185,sell,0.010958999999999998,2813.7319231744495
1700000001142308624,sell,0.010958999999999998,3720.8376318552737
1700000001142437965,buy,0.01096,218.86686234195028
1700000001142722559,buy,0.0109605,5872.036270398417
1700000001143242418,sell,0.010960999999999999,1809.235982316613
1700000001143449078,buy,0.010961,6734.255819547609
1700000001143594341,sell,0.0109605,3715.5951865742036
1700000001144237163,buy,0.0109605,1467.0712773503271
1700000001144724038,sell,0.010959499999999999,19884.79313475304
1700000001144976767,buy,0.0109605,6524.8801333673955
1700000001145169806,buy,0.01096,3996.8010355398014
1700000001145817738,sell,0.010959499999999999,2428.223303872681
1700000001146259857,buy,0.01096,9318.793562660543
1700000001146279867,sell,0.010959999999999998,19229.70346886963
1700000001146317690,buy,0.01096,1627.8009050824953
1700000001146490361,sell,0.010959999999999998,4228.533096073468
1700000001146815789,buy,0.01096,7760.601865985813
1700000001147154190,buy,0.0109605,4343.950454563353
1700000001147531413,sell,0.0109585,8048.1603029295375
1700000001147587024,sell,0.0109585,10891.210511051919
1700000001147801815,buy,0.010961499999999999,6242.95835915562
1700000001147842388,buy,0.0109605,2424.5641945840207
1700000001147909337,sell,0.010959499999999999,9193.264425574296
1700000001148117258,sell,0.010959499999999999,6796.497958252594
1700000001148516498,buy,0.0109595,1361.1544611768006
1700000001148530774,buy,0.0109595,2669.1388356665007
1700000001148666879,buy,0.0109595,4562.522133336799
1700000001148879236,sell,0.010959499999999999,41342.212467617544
1700000001148907808,sell,0.010959499999999999,2046.0937681298385
1700000001149183003,sell,0.0109595,5827.57957898183
1700000001149476913,buy,0.0109605,5654.809291865604
1700000001149585818,sell,0.010959499999999999,3844.336961791725
1700000001149773070,sell,0.0109585,3646.3213300128323
1700000001150009217,buy,0.010962,17786.934461036304
1700000001150014691,sell,0.010959,4368.108364544823
1700000001150565688,sell,0.010959,4955.8071374647925
1700000001150792248,sell,0.010959,11385.176937951996
1700000001150929734,sell,0.01096,2514.335115327178
1700000001151357267,buy,0.010962,16781.96309983922
1700000001151464766,buy,0.010961,1996.0804238421733
1700000001151686450,sell,0.010959,6455.900843799845
1700000001151690860,sell,0.010959,17623.044023873124
1700000001152440133,buy,0.010960000000000001,5976.207170802803
1700000001152943191,buy,0.0109605,10158.776540085724
1700000001152999952,buy,0.010961499999999999,8018.557651042357
1700000001153456055,buy,0.010959,1503.9617952055378
1700000001153591449,sell,0.010959499999999999,2934.8657498716625
1700000001153659231,sell,0.010959499999999999,2494.667735290847
1700000001153921356,sell,0.010959499999999999,7564.620780656088
1700000001154029757,sell,0.010959499999999999,16606.86510562769
1700000001154030081,buy,0.0109605,5889.8362253835
1700000001154176194,sell,0.010959499999999999,1997.9922140086592
1700000001154265461,sell,0.010960499999999998,27697.136624569946
1700000001154300916,sell,0.010959499999999999,2808.46750795643
1700000001154385917,sell,0.010959499999999999,2131.308005952565
1700000001154923377,sell,0.0109585,8818.744874113505
1700000001155423070,sell,0.010957999999999999,4584.131468208201
1700000001155809763,sell,0.010957499999999998,2473.1812415583267
1700000001155831306,buy,0.0109585,47294.346521448424
1700000001156498003,buy,0.0109585,2744.7257349771817
1700000001156527099,buy,0.010956500000000001,11666.59515694743
1700000001156555442,sell,0.0109565,4403.837104907042
1700000001156597338,sell,0.0109565,1020.7948043803563
1700000001156821689,buy,0.0109575,331.7371877822619
1700000001156829658,sell,0.0109565,3319.7794350195763
1700000001157010059,buy,0.0109575,5386.480015631415
1700000001157147098,buy,0.0109575,15425.048307827894
1700000001157491355,buy,0.0109575,3008.9780237939954
1700000001157660063,buy,0.010957000000000001,3364.471259114735
1700000001157830069,sell,0.010957,2025.9386559013055
1700000001158620371,buy,0.010959,3772.85723185379
1700000001159253467,buy,0.0109585,19379.792826254918
1700000001159408234,sell,0.0109575,460.3813310727957
1700000001159684339,sell,0.010957,4172.576824009268
1700000001159730250,sell,0.010957999999999999,7224.127017826653
1700000001160020486,sell,0.0109565,2253.118826512957
1700000001160363364,buy,0.0109575,5270.821452940494
1700000001160638445,sell,0.0109565,4630.336074641036
1700000001160724158,buy,0.010956500000000001,5498.772541763087
1700000001160812661,buy,0.0109575,3370.2667426700496
1700000001160976099,sell,0.010957499999999998,12306.34217016807
1700000001161090340,sell,0.0109555,7481.646167176023
1700000001161111640,buy,0.010957499999999998,612.3882869843808
1700000001161811633,sell,0.0109555,14142.164114826624
1700000001161996574,sell,0.0109565,3050.9470387116235
1700000001163176428,sell,0.010957,9337.811202766716
1700000001163238260,sell,0.010957999999999999,2726.389428230971
1700000001163674357,buy,0.010958,4108.939756696221
1700000001163707756,buy,0.010958,2007.236221233796
1700000001164176827,buy,0.0109575,16748.64220523863
1700000001164221480,sell,0.0109565,13967.691950537028
1700000001164392578,sell,0.0109565,3825.2840031882697
1700000001164867463,sell,0.010957999999999999,3321.440514023426
1700000001164966811,sell,0.010957,7742.894589767989
1700000001165095680,buy,0.0109585,29813.51278547924
1700000001165167629,buy,0.0109575,8046.508803710497
1700000001166544381,sell,0.010957,7140.831728550654
1700000001166669844,sell,0.010957,547.6985108779768
1700000001167126139,sell,0.010957499999999998,8964.132022980984
1700000001167564051,sell,0.0109565,5485.949754633134
1700000001167613580,buy,0.0109585,4055.886060219119
1700000001167920037,sell,0.0109565,3520.0942586363635
1700000001167953520,sell,0.0109565,18872.459773524843
1700000001168110075,sell,0.010957499999999998,5530.539384859262
1700000001168425948,buy,0.0109575,2828.9672806964727
1700000001168445784,buy,0.0109585,1987.804053750581
1700000001168569058,sell,0.010957999999999999,6523.102981380271
1700000001168594907,sell,0.010957999999999999,3616.0398023970088
1700000001168778222,sell,0.010957999999999999,3685.718814819994
1700000001168919645,buy,0.010959,25683.93403988167
1700000001169115327,sell,0.0109585,21555.615368832037
1700000001169132977,buy,0.0109595,1086.0538589287644
1700000001169234764,buy,0.0109595,6107.191763625903
1700000001169989495,sell,0.010958999999999998,1654.397456950625
1700000001170067383,sell,0.010959,5498.17771227813
1700000001170923076,sell,0.010959,10442.5385051637
1700000001171307089,buy,0.010961,3723.833866095431
1700000001171563736,sell,0.0109595,2143.7993376352574
1700000001171572046,sell,0.0109595,3116.301382709922
1700000001171884492,sell,0.0109595,733.5320729521012
1700000001171979689,sell,0.0109595,987.3789826712305
1700000001171985877,buy,0.0109625,2244.1982117889816
1700000001172216223,sell,0.01096,8571.071389780835
1700000001172244195,sell,0.010960999999999999,1612.3019770888473
1700000001173855270,buy,0.01096,10271.562309154608
1700000001174113715,buy,0.01096,2869.872018707204
1700000001174114600,sell,0.010959999999999998,2937.7306969223855
1700000001174300285,buy,0.010959,2102.2660393348574
1700000001174315397,buy,0.01096,9927.14855331695
1700000001174390481,buy,0.010959,14737.38172850352
1700000001174679417,buy,0.010960999999999999,2963.7954403326753
1700000001174728693,buy,0.010960999999999999,6495.35656440216
1700000001174781281,buy,0.010960999999999999,10932.04411701357
1700000001174978362,buy,0.01096,14959.564410296909
1700000001176241112,buy,0.010959499999999999,5885.767110977398
1700000001176538371,buy,0.0109585,6752.038568369471
1700000001176828203,sell,0.010956500000000001,1621.4128717898818
1700000001176835995,buy,0.0109575,2185.7071879604914
1700000001177136246,buy,0.0109585,946.8897140664868
1700000001177767374,buy,0.010959,1125.0068991532905
1700000001177958767,sell,0.010958999999999998,15103.04002825627
1700000001178061355,sell,0.010959499999999999,5641.477582473776
1700000001178412431,buy,0.0109595,4090.986392359449
1700000001178416782,buy,0.0109605,1819.0680346722343
1700000001178577808,sell,0.0109595,6639.727042087133
1700000001178665027,sell,0.0109595,966.9425065044092
1700000001178931933,sell,0.0109605,11012.451797502299
1700000001179546003,buy,0.01096,1528.9712744019375
1700000001179838889,buy,0.01096,8143.624370594366
1700000001179905193,sell,0.010959999999999998,6302.035453638739
1700000001179921330,buy,0.01096,9085.129240746079
1700000001180139916,sell,0.010957499999999998,17712.698487518854
1700000001180607377,sell,0.010956500000000001,13098.105705620384
1700000001180864624,sell,0.010956500000000001,7717.5778205101105
1700000001180998399,sell,0.0109575,1359.5297562318265
1700000001181077397,buy,0.010958,2223.2824320607283
1700000001181081189,buy,0.010959,9165.193677878482
1700000001181653827,sell,0.010957,3008.593639579735
1700000001181688708,buy,0.010958999999999998,14839.819140045578
1700000001182259510,buy,0.010959499999999999,44539.22614408218
1700000001182320354,buy,0.0109585,6739.2003990027415
1700000001182383860,sell,0.0109565,11440.417739352955
1700000001182494384,sell,0.010957499999999998,5197.116072430174
1700000001183347500,sell,0.010957999999999999,3756.411609615466
1700000001183411404,sell,0.010957999999999999,19782.367712293515
1700000001183829863,buy,0.0109605,764.1181625798858
1700000001184021202,sell,0.010957999999999999,2307.1144073618566
1700000001184292626,buy,0.010960999999999999,6289.606327396416
1700000001184349983,buy,0.010960999999999999,4085.180101918686
1700000001184889885,sell,0.0109575,3429.700529126652
1700000001185183174,sell,0.0109585,20130.179384287996
1700000001185358098,sell,0.0109585,7672.359216297341
1700000001185376334,sell,0.0109585,26573.914285684445
1700000001185414346,sell,0.010959499999999999,2758.1765430309265
1700000001185676053,buy,0.0109585,3359.553686509861
1700000001186348354,sell,0.010959499999999999,16316.006926820584
1700000001186488812,buy,0.0109595,6925.9413110532705
1700000001186514411,buy,0.01096,2263.829363170747
1700000001186519525,buy,0.01096,6889.948997447974
1700000001186600017,buy,0.01096,10051.68252800407
1700000001186846707,sell,0.010958999999999998,6138.937750192237
1700000001187115483,sell,0.010959499999999999,2786.494978176021
1700000001187333887,buy,0.0109605,9381.07582563742
1700000001187433108,buy,0.0109605,2652.0062079982613
1700000001187948554,sell,0.010959999999999998,1030.8177293043072
1700000001188322782,sell,0.010958999999999998,9896.874935624206
1700000001188343532,sell,0.010958999999999998,1235.1880226891465
1700000001188476642,sell,0.010959999999999998,6179.872608268029
1700000001188729629,sell,0.010958999999999998,1290.5007588067213
1700000001189109523,sell,0.0109585,3543.4885300154606
1700000001189170345,sell,0.0109585,3987.9087261278564
1700000001189182548,sell,0.0109585,4178.868641397524
1700000001190066817,buy,0.01096,2575.4522473835327
1700000001190132744,buy,0.01096,3553.093489366488
1700000001190449609,sell,0.010958999999999998,5133.189692380416
1700000001190463216,sell,0.010958999999999998,13157.015826882245
1700000001190593586,sell,0.010958999999999998,5172.295397100173
1700000001190704503,buy,0.01096,6567.214654547024
1700000001190740577,buy,0.01096,4489.345205183961
1700000001190777626,buy,0.01096,2877.657829605949
1700000001191110154,sell,0.010959499999999999,8012.349042824153
1700000001191213034,buy,0.0109595,28933.373180470244
1700000001191348373,buy,0.0109605,2135.8221177047026
1700000001191478286,buy,0.0109605,11683.400451115862
1700000001191525674,buy,0.0109595,1952.8639821890788
1700000001191707627,sell,0.010959499999999999,5865.715297538717
1700000001191724163,buy,0.0109605,19878.625611445277
1700000001191729945,sell,0.010959499999999999,1975.4570652667398
1700000001191846135,sell,0.010959499999999999,5110.788062450972
1700000001192185845,buy,0.0109605,1835.6553147155341
1700000001192992988,buy,0.010960999999999999,11623.87084182232
1700000001193104640,buy,0.010959,5738.893826409587
1700000001193164575,buy,0.01096,4107.45202229493
1700000001193457376,sell,0.010958999999999998,14065.317021853707
1700000001193632335,buy,0.0109605,5653.024642451223
1700000001194653605,sell,0.010959499999999999,6478.616405743287
1700000001194771931,sell,0.010959499999999999,3525.677416015718
1700000001194952032,buy,0.0109605,23900.460900904407
1700000001195136446,sell,0.010959499999999999,2767.060737535635
1700000001195547389,sell,0.0109585,2167.247418149583
1700000001195724250,buy,0.0109595,4962.384653889735
1700000001196355809,sell,0.010957999999999999,2596.5077217289486
1700000001196476497,sell,0.010958999999999998,6937.339177220087
1700000001196606102,buy,0.0109595,13594.363907581639
1700000001196635702,sell,0.0109585,1601.0767361387684
1700000001196708792,sell,0.0109585,17882.352199816713
1700000001196949321,buy,0.0109595,7989.185302331588
1700000001197032185,sell,0.010959999999999998,8090.869533472946
1700000001197325804,sell,0.010958999999999998,5002.777199853238
1700000001197698396,sell,0.010959999999999998,8336.489738321812
1700000001197896069,sell,0.010958999999999998,1757.9936817210432
1700000001198207994,sell,0.010958999999999998,1067.822844195954
1700000001198359214,buy,0.010959,3381.0903420044747
1700000001198471226,sell,0.010957999999999999,4589.845992540584
1700000001199062739,sell,0.010957499999999998,2787.3837544740622
1700000001199826486,sell,0.010957,3439.2288870027796
1700000001200207792,sell,0.010956,5349.215129550104
1700000001200374255,sell,0.010957,10194.98242226417
1700000001200524938,buy,0.010958,9422.553980346913
1700000001200603656,sell,0.010957,32895.47487110688
1700000001200606581,buy,0.010957000000000001,3975.7205919280173
1700000001200833525,sell,0.010957,5988.68103621889
1700000001200849580,sell,0.010957,12611.631555828948
1700000001202170051,buy,0.0109575,5746.839147056435
1700000001202255621,sell,0.010957499999999998,5456.958242949024
1700000001202306791,buy,0.0109575,18837.6024618594
1700000001202768361,sell,0.010957,8138.073958654226
1700000001203080158,sell,0.010956,6976.2784952618495
1700000001203371571,buy,0.010957999999999999,1349.174054075461
1700000001203720294,buy,0.0109585,1568.7257754156742
1700000001203740445,sell,0.0109565,5303.368465606699
1700000001204124539,sell,0.010956500000000001,8256.745446317673
1700000001204233802,sell,0.010956500000000001,1601.536764875354
1700000001204249130,sell,0.010956500000000001,1572.2904922103662
1700000001204420686,buy,0.0109585,3460.0917953709427
1700000001204898557,buy,0.010958,18736.065719892154
1700000001205027302,buy,0.0109575,11723.73311313438
1700000001205279439,sell,0.010957499999999998,10285.369004713184
1700000001205583298,buy,0.010957,3937.0544325460846
1700000001205607839,sell,0.010955999999999999,5591.26079328795
1700000001206114154,sell,0.010955,1624.9360799182998
1700000001206430433,buy,0.010957999999999999,3497.2019356699434
1700000001206601570,buy,0.0109575,6873.606276515437
1700000001206666570,buy,0.0109575,2817.567027223121
1700000001206780837,sell,0.010957499999999998,3137.187352613778
1700000001207014700,buy,0.010957,26753.192655809653
1700000001207062215,sell,0.010955999999999999,2529.72647134162
1700000001208817754,sell,0.010957,1700.8874177632156
1700000001209239343,buy,0.010958,10046.515760491237
1700000001209247080,sell,0.010956,8423.51930523028
1700000001209557873,sell,0.010958499999999998,8987.13213154607
1700000001209646714,buy,0.0109585,5469.856223250249
1700000001209745169,buy,0.0109585,18614.607278041454
1700000001209784717,sell,0.010957499999999998,9443.69551977082
1700000001209813397,buy,0.0109585,44097.43555558267
1700000001209859174,sell,0.010957499999999998,1620.7654404859927
1700000001210012759,sell,0.010957499999999998,1508.4424345025095
1700000001210282615,sell,0.010957499999999998,3732.0273431021333
1700000001210326227,sell,0.010957499999999998,4351.186861270385
1700000001210513187,buy,0.010957499999999998,8274.023498073062
1700000001210991754,sell,0.0109555,1801.6970839941384
1700000001211012308,sell,0.0109555,2285.245261304842
1700000001211093635,sell,0.0109555,1105.9170447289177
1700000001211449488,buy,0.0109585,1803.5787669446788
1700000001211479548,buy,0.0109585,2724.7334094701805
1700000001211671998,buy,0.010957999999999999,5351.12846964324
1700000001212244184,buy,0.0109575,4569.800087831399
1700000001212407466,sell,0.010957499999999998,8511.285893791584
1700000001212454910,sell,0.0109565,23153.22162806908
1700000001212701226,buy,0.010957999999999999,4392.326021068136
1700000001213223884,sell,0.010955999999999999,3401.699055105991
1700000001213269186,sell,0.010956999999999998,4254.51591633803
1700000001213860361,buy,0.010957499999999998,12695.687206432016
1700000001214017066,sell,0.010955,1987.2420953057376
1700000001214196403,buy,0.010957999999999999,13114.597862904975
1700000001214197259,buy,0.010957999999999999,4464.901952587416
1700000001214316935,buy,0.010957999999999999,12154.069814749939
1700000001214412256,buy,0.010957,3043.6767281544858
1700000001214534974,buy,0.010957,4200.181527916248
1700000001214630731,sell,0.010956999999999998,7878.558856840498
1700000001214926168,buy,0.010957,6444.813604423654
1700000001214944000,sell,0.010955999999999999,1352.2881158269968
1700000001215262621,sell,0.010955499999999998,19033.815050332905
1700000001216151751,sell,0.010955,11666.427328756487
1700000001216500858,buy,0.010955999999999999,1245.1881465128608
1700000001216653431,buy,0.010956999999999998,3788.0828374258076
1700000001216665502,sell,0.010955,3374.9049972153034
1700000001216772596,buy,0.010956999999999998,3364.923472105146
1700000001217216338,buy,0.0109575,7537.083531322562
1700000001217623236,sell,0.0109555,6105.000840408821
1700000001218944590,buy,0.0109585,2203.434920785077
1700000001219724809,buy,0.0109595,1828.0746901971993
1700000001219773310,sell,0.010959499999999999,21981.617062365163
1700000001219870210,buy,0.010958500000000001,1492.060808323902
1700000001220335878,sell,0.010959499999999999,4008.1925753956666
1700000001220386020,sell,0.010959499999999999,1832.4936460421393
1700000001220478640,sell,0.010959499999999999,1669.3171248395631
1700000001220640038,buy,0.01096,47748.47817985097
1700000001220880450,buy,0.01096,11349.585751542729
1700000001221604244,buy,0.0109605,11660.770316945791
1700000001221744049,sell,0.010959499999999999,4107.268795544516
1700000001222063005,buy,0.01096,16440.950342909262
1700000001222100490,buy,0.010960999999999999,9085.352246653347
1700000001222253409,buy,0.010960999999999999,16145.492655693837
1700000001222480674,sell,0.010959,30067.21961121174
1700000001222693185,buy,0.0109605,3280.1267300809814
1700000001222704025,sell,0.010959499999999999,11004.03388699966
1700000001223202992,buy,0.010961499999999999,2220.545506133588
1700000001223253282,sell,0.0109585,3080.592560234655
1700000001223269873,buy,0.010961499999999999,4659.327894731136
1700000001223615609,sell,0.0109585,8703.557524436965
1700000001223651966,buy,0.010958500000000001,43414.67695163176
1700000001223787397,sell,0.0109585,11009.033640969048
1700000001223874408,buy,0.010958500000000001,2601.099288767742
1700000001224312716,sell,0.0109575,4126.602496766304
1700000001224375642,buy,0.0109585,7623.711852566861
1700000001224376170,sell,0.0109585,2798.7112447466648
1700000001224572900,sell,0.010957,3673.7126448746576
1700000001224649620,sell,0.010957,3211.3981049881295
1700000001225158673,sell,0.010956500000000001,2304.7306317013145
1700000001225163231,buy,0.0109585,7210.919073384236
1700000001225877776,buy,0.0109585,7216.595004577967
1700000001226732990,buy,0.010956500000000001,1954.5137072863893
1700000001226966440,sell,0.0109565,2319.095391198287
1700000001227353818,buy,0.010958,5882.290337818301
1700000001227914814,sell,0.010957999999999999,4046.765466949695
1700000001227981646,sell,0.010957,4409.563413599676
1700000001228872338,buy,0.01096,2117.501554066917
1700000001229131540,buy,0.01096,3461.2821220817773
1700000001229314631,buy,0.01096,11014.852680985001
1700000001229335148,sell,0.010957,3259.293603687732
1700000001229340891,buy,0.01096,1338.2900603032847
1700000001229452340,sell,0.010957,11042.630419102537
1700000001229793443,buy,0.0109595,6769.557625043368
1700000001229878143,buy,0.0109595,15402.763970120463
1700000001229969139,buy,0.0109595,20863.5957992601
1700000001230284428,sell,0.0109585,2843.0494973003833
1700000001230697668,buy,0.010959,3763.9257411781514
1700000001230844862,sell,0.010958999999999998,5829.290019289592
1700000001230862277,buy,0.01096,22397.4867982999
1700000001231096383,sell,0.010959499999999999,39555.223291094146
1700000001231444731,sell,0.0109585,781.4406936606
1700000001231535317,buy,0.010960999999999999,1635.8245655165404
1700000001231547186,sell,0.010957999999999999,4683.355189279136
1700000001231852705,buy,0.010960999999999999,3044.646425152262
1700000001232126873,buy,0.01096,14567.5899292591
1700000001232181530,buy,0.01096,5002.061123635283
1700000001232730550,sell,0.0109585,5235.945198740507
1700000001232840543,sell,0.0109585,3789.178847779838
1700000001233499748,sell,0.010957999999999999,5776.048181925471
1700000001233679279,buy,0.010959499999999999,2852.2051043168635
1700000001233792261,sell,0.0109585,17004.64713334094
1700000001234457195,sell,0.0109565,8606.791182132083
1700000001234477579,buy,0.0109585,2591.990545557007
1700000001234500816,buy,0.0109585,3851.2918125146034
1700000001234594257,sell,0.010956500000000001,2028.4574376691032
1700000001234741297,buy,0.0109585,1208.1766275101797
1700000001235570892,buy,0.010958,7843.942162060536
1700000001235707014,sell,0.010957,3209.0946727756827
1700000001235870196,sell,0.010957,5977.7751039475725
1700000001236093823,buy,0.010958,4753.479793868317
1700000001236252838,sell,0.010957999999999999,1245.374434938309
1700000001236457939,buy,0.010957000000000001,19591.771001652985
1700000001236895384,sell,0.010956,15721.430290039696
1700000001236899047,sell,0.010956,5949.0145978250985
1700000001237102416,buy,0.010957999999999999,1252.658564141554
1700000001237239692,sell,0.010955,1706.2569620991665
1700000001237796670,buy,0.010957499999999998,3137.810547310066
1700000001237926416,buy,0.010957499999999998,20862.607982579808
1700000001238638825,sell,0.010955499999999998,9176.065899955165
1700000001238913742,sell,0.010956499999999997,5765.928643774722
1700000001239429202,buy,0.010957499999999998,13249.3958738694
1700000001239530107,buy,0.010957,2042.515710037129
1700000001239577053,sell,0.010955,801.6955982478441
1700000001239798316,sell,0.010955999999999999,7863.5812419115655
1700000001239979377,buy,0.010957999999999999,2073.754296190801
1700000001240301524,buy,0.010957,13458.953518242237
1700000001240332640,sell,0.010955999999999999,6163.229648273128
1700000001240349030,sell,0.010955999999999999,7456.646205954579
1700000001240504388,buy,0.010956,5765.088690711752
1700000001240568756,buy,0.010957,13909.440247666544
1700000001240600345,buy,0.010957,6235.566404926823
1700000001240855019,sell,0.010956999999999998,1229.4608418643238
1700000001241287307,buy,0.010957999999999999,21579.518219191927
1700000001241485214,sell,0.010955,17615.202026523428
1700000001241880752,sell,0.010956999999999998,18691.11642606413
1700000001242252323,buy,0.0109585,1970.719480889411
1700000001242575948,sell,0.0109565,4461.243489318016
1700000001242702162,buy,0.0109575,17891.17950760924
1700000001242779730,buy,0.0109575,3169.384216959335
1700000001244129628,buy,0.010958,2661.2693024980013
1700000001244353667,buy,0.010957000000000001,5830.023551801315
1700000001244407116,sell,0.010957,1921.944102395864
1700000001244476521,buy,0.010958,5994.569386912499
1700000001244482150,buy,0.010958,4013.1556341259916
1700000001245211745,sell,0.010957,4565.857067372469
1700000001245369404,sell,0.010957999999999999,3136.997305874649
1700000001245874465,sell,0.0109575,2265.5655821214455
1700000001246162905,sell,0.010959499999999999,24836.177068161647
1700000001246214388,sell,0.0109585,1450.3608150021046
1700000001246943511,sell,0.0109585,9613.371922897713
1700000001247154936,sell,0.010959499999999999,14441.66340907838
1700000001247366822,sell,0.010960499999999998,4793.4199857379235
1700000001247395050,buy,0.0109605,1903.8819926813887
1700000001247443267,buy,0.0109605,3382.1046718195435
1700000001247982709,sell,0.010960499999999998,2690.5857002076773
1700000001248159475,buy,0.010958500000000001,1267.8716682557179
1700000001248302222,buy,0.010958500000000001,3956.8830703593662
1700000001248543344,buy,0.01096,1555.1668006518312
1700000001248734645,buy,0.010959,1637.7032997322247
1700000001249216114,buy,0.01096,10169.8122054652
1700000001249222287,sell,0.010958999999999998,2764.7092630839293
1700000001249242984,sell,0.010959999999999998,4108.762435183464
1700000001249317458,sell,0.010958999999999998,1850.852056934162
1700000001249445416,buy,0.010959,2885.8163762180957
1700000001249608133,sell,0.0109585,12229.84426490469
1700000001249786375,buy,0.0109595,659.3481879846322
1700000001249848405,sell,0.0109585,5579.72430538073
1700000001250624169,buy,0.010959,3286.7857346901765
1700000001250759356,sell,0.010957,2799.8463071879232
1700000001250808765,sell,0.010957,3838.9417365606796
1700000001251155279,sell,0.0109585,1233.9872571236926
1700000001251200152,sell,0.010959499999999999,10450.828008225257
1700000001251711312,buy,0.01096,6221.098006598606
1700000001252304756,sell,0.010958,4563.877760272223
1700000001252462333,sell,0.010958,1079.2718124065489
1700000001253714661,buy,0.0109605,3837.660705362266
1700000001253749997,sell,0.010959499999999999,1371.074152221152
1700000001253832695,buy,0.0109605,8838.559586106785
1700000001254057299,sell,0.0109585,7121.627180168452
1700000001254443487,buy,0.010960499999999998,4833.299773630701
1700000001254630602,sell,0.010957999999999999,2300.321430305413
1700000001255040313,buy,0.010959,11645.199002117199
1700000001255487378,sell,0.010957999999999999,7819.257739424086
1700000001255497594,sell,0.010957999999999999,7238.387642969924
1700000001256048474,sell,0.010957499999999998,5436.428549799035
1700000001256828669,sell,0.0109565,4906.096101767498
1700000001257449382,sell,0.0109565,5114.4417977225185
1700000001257653750,sell,0.010957,11458.482050804663
1700000001258107136,buy,0.0109575,17814.511196229094
1700000001258124088,buy,0.0109575,7769.617746162976
1700000001258261063,sell,0.0109565,5364.500090044771
1700000001258349584,sell,0.0109565,5096.512699822648
1700000001258593408,buy,0.010958,3668.202228491305
1700000001259138029,buy,0.010958,6501.61353927373
1700000001259449738,buy,0.010958,2568.67671322128
1700000001259477473,buy,0.010958,24575.669430280086
1700000001259655150,sell,0.010957999999999999,4435.904014729151
1700000001260272453,sell,0.010957,9652.750177217316
1700000001260518024,sell,0.010957999999999999,10466.324033305218
1700000001260531503,buy,0.010959,3915.206806899639
1700000001262227016,buy,0.0109595,2004.0247634341056
1700000001262445707,buy,0.0109595,36885.96937087564
1700000001262477989,buy,0.0109595,2362.295365068909
1700000001262677033,sell,0.010958999999999998,50780.87771898131
1700000001263058027,buy,0.0109595,2750.277676830927
1700000001263543545,sell,0.010958999999999998,18563.490735184532
1700000001264077615,sell,0.010958999999999998,1423.294352806594
1700000001264220156,buy,0.01096,6997.685493129545
1700000001264768756,sell,0.0109585,13041.62510717893
1700000001264993533,sell,0.0109585,3391.0785048269004
1700000001265323951,sell,0.0109585,9622.774957917994
1700000001265453286,sell,0.0109585,6239.691616453001
1700000001265702271,buy,0.0109595,1535.805352053196
1700000001266379654,sell,0.010958499999999998,2197.085981067291
1700000001266421263,sell,0.010957499999999998,2191.6478993146543
1700000001266521655,sell,0.010956500000000001,7377.374168203975
1700000001266754931,sell,0.010956500000000001,3811.407994878737
1700000001267090483,sell,0.010957,10239.714441783013
1700000001267146652,buy,0.010959,6972.714396220411
1700000001267251076,sell,0.010956,3520.78319061996
1700000001268396503,sell,0.0109555,3298.5681907998855
1700000001269270335,sell,0.010957999999999999,1513.2167260777856
1700000001269819349,sell,0.010956,1752.7782467639606
1700000001270037844,sell,0.0109565,4417.656338871631
1700000001270100202,buy,0.010959499999999999,1402.1898287126469
1700000001270283767,sell,0.0109565,7093.168351919031
1700000001270428369,buy,0.010959499999999999,2303.170661453926
1700000001270827966,buy,0.010958,3134.6414219627436
1700000001271127353,buy,0.010958,38932.13454337356
1700000001271301020,buy,0.010959,2347.7850489625616
1700000001271403535,sell,0.010956,13181.175049086196
1700000001271507181,buy,0.010956500000000001,10200.093792861537
1700000001271621211,sell,0.010957499999999998,12062.08609833113
1700000001271758976,sell,0.0109565,4260.39447148714
1700000001271981731,buy,0.010956500000000001,2218.4644969651704
1700000001272544193,sell,0.010957499999999998,2732.3206291052325
1700000001272579548,buy,0.0109585,1456.7331625163597
1700000001272631959,sell,0.010958499999999998,10746.449944959773
1700000001272713329,sell,0.010957499999999998,8327.320350963893
1700000001272864841,buy,0.0109585,3428.323386430487
1700000001272927890,sell,0.010957499999999998,2872.676370052815
1700000001273021749,buy,0.0109585,7763.3423076883755
1700000001273220635,sell,0.010958499999999998,26222.12131435712
1700000001273438881,buy,0.0109585,5335.890148369229
1700000001273960042,sell,0.010957499999999998,12117.18873454567
1700000001274119551,buy,0.010957999999999999,822.4009362563687
1700000001274591091,sell,0.0109565,18686.297161498605
1700000001274796565,sell,0.0109565,2053.6229410982737
1700000001274932968,buy,0.0109575,1653.889988911169
1700000001275090062,buy,0.010956500000000001,14999.674642829288
1700000001275480616,sell,0.0109565,4655.534241799179
1700000001275501290,sell,0.010957499999999998,4916.0571205682945
1700000001275560624,sell,0.0109565,11103.16924781596
1700000001275640305,sell,0.0109565,2347.021533470411
1700000001276098325,buy,0.010957,3798.8574217667124
1700000001276117412,sell,0.010955999999999999,9107.492301497377
1700000001276410832,sell,0.010955999999999999,5606.225588489467
1700000001276546446,buy,0.010957999999999999,1571.106024859413
1700000001276560417,buy,0.010957,2692.2531566584908
1700000001276615377,sell,0.010957,33819.69293997028
1700000001276666407,sell,0.010956,5611.701376126623
1700000001277238854,sell,0.010957999999999999,8694.092093468393
1700000001277445708,sell,0.010957,3763.929537055254
1700000001277499642,buy,0.010957000000000001,9831.944688342204
1700000001277802352,buy,0.0109575,66463.15785197128
1700000001277902502,sell,0.010957499999999998,690.9275721624322
1700000001278096275,sell,0.010957499999999998,3156.7354011773327
1700000001278277597,buy,0.0109585,10530.580796331975
1700000001278684408,sell,0.010956500000000001,2267.3725929460375
1700000001278766299,buy,0.0109585,638.3910483012066
1700000001278948910,sell,0.010956500000000001,4124.657541922076
1700000001279262798,buy,0.010957000000000001,14208.821502631312
1700000001279478470,buy,0.010958,8666.782689871445
1700000001279564408,sell,0.010957,1363.3190626063385
1700000001279748812,buy,0.010958,999.2232143299501
1700000001279979003,buy,0.010958,2606.8908579050412
1700000001280144675,sell,0.0109565,1876.534815423178
1700000001280706894,buy,0.0109575,6202.818776945917
1700000001280943766,buy,0.0109575,638.3448069970052
1700000001281025521,sell,0.010956,4089.3867654230935
1700000001281395793,sell,0.010956,1730.0519589504713
1700000001281757559,sell,0.010957999999999999,36830.029688556446
1700000001281766603,buy,0.010958,11826.304287495184
1700000001282147789,sell,0.0109575,6114.868796938063
1700000001282158307,sell,0.0109575,1216.6339526909965
1700000001282491848,buy,0.0109585,1054.6404118687888
1700000001282821523,buy,0.010958,6387.082113485879
1700000001282862016,sell,0.010957999999999999,1036.5429637634243
1700000001283545470,buy,0.01096,3421.232846136171
1700000001283574658,sell,0.010958,17577.750126975538
1700000001284679844,buy,0.010960499999999998,708.6736101245614
1700000001285121862,sell,0.01096,7798.355251289245
1700000001285258622,sell,0.010959,1607.1920953510728
1700000001285337522,sell,0.010959,3576.166198647019
1700000001285557970,sell,0.0109605,765.8289059569108
1700000001285783710,sell,0.0109605,2904.3889604761016
1700000001286223106,sell,0.0109605,1683.3439975635347
1700000001286799920,sell,0.0109595,2383.531251573587
1700000001286948007,buy,0.010961499999999999,5516.646091235447
1700000001287313214,sell,0.010960000000000001,2014.5227390206205
1700000001287561584,sell,0.0109605,3049.310614398302
1700000001287608765,sell,0.0109605,702.8542423246331
1700000001287765913,buy,0.0109615,1644.9458116416015
1700000001288310531,sell,0.0109595,26129.036686097035
1700000001288745633,buy,0.010960499999999998,8722.19850944072
1700000001288829063,sell,0.0109585,1035.5080629745883
1700000001288834898,sell,0.010959499999999999,3789.934962744775
1700000001288960260,sell,0.0109585,87539.19108443303
1700000001288967844,sell,0.010959499999999999,3796.2555743845114
1700000001289265758,buy,0.01096,1592.94312820544
1700000001289700041,buy,0.010962,11765.515439164383
1700000001289714996,sell,0.010959,8872.503217368389
1700000001289825037,sell,0.010959,11239.13436509676
1700000001290170124,buy,0.010962,2518.200126111163
1700000001290354947,buy,0.010962,4405.141509464228
1700000001290928655,sell,0.0109605,1830.0086179657499
1700000001290991283,buy,0.0109625,9215.695190098992
1700000001291355906,buy,0.0109625,2876.1827839703947
1700000001291713263,buy,0.0109635,11667.983416623601
1700000001291744498,buy,0.0109635,25324.119893895462
1700000001291957844,sell,0.0109605,54018.459943748334
1700000001292206182,sell,0.010962,11243.694409501297
1700000001292311911,sell,0.010962,9579.195331689722
1700000001292535894,buy,0.0109635,1815.9886632477403
1700000001292544136,sell,0.010961499999999999,6109.5539220891515
1700000001292676839,buy,0.0109625,2717.6348299589263
1700000001292755941,buy,0.0109635,9852.758888852697
1700000001292906749,buy,0.0109625,5378.319142939126
1700000001293828116,sell,0.010962,2144.0728934977888
1700000001293920305,buy,0.010963,32426.845277669778
1700000001294071539,sell,0.010962999999999999,9550.133823939845
1700000001294122134,buy,0.010963,23163.930937910092
1700000001294308595,sell,0.010962,22127.536933169773
1700000001294419110,sell,0.010962,41152.82727702441
1700000001294426036,buy,0.010962000000000001,1323.30167395091
1700000001294642503,sell,0.010962,4934.403967469705
1700000001294652646,buy,0.010962999999999999,1046.5732893013658
1700000001294756895,sell,0.010961,2917.927363254557
1700000001294952124,sell,0.010961,4181.103506937066
1700000001295534862,buy,0.010962,1978.9445879405582
1700000001295664501,sell,0.010962,33012.973148258345
1700000001295964730,sell,0.010961,360.69557189529667
1700000001296087661,sell,0.0109605,3832.5497735358963
1700000001296145254,buy,0.010961499999999999,4466.119420031202
1700000001296877283,buy,0.0109615,8937.697442949826
1700000001297048653,sell,0.01096,3405.7426186365815
1700000001297386905,sell,0.01096,3919.3143288530614
1700000001297439882,sell,0.01096,7313.870950716475
1700000001297467074,buy,0.010962999999999999,4381.669893341466
1700000001297679286,sell,0.010960000000000001,15005.224268112146
1700000001298112260,buy,0.010962,2927.455041999326
1700000001298183661,buy,0.010962,1617.7690236494382
1700000001298449491,sell,0.010959,7064.934184571029
1700000001298951358,sell,0.0109605,20777.576008484895
1700000001299309742,sell,0.01096,4673.880732680941
1700000001299588739,sell,0.0109595,9036.10462281204
1700000001299634532,buy,0.010961499999999999,18471.261344279443
1700000001299670860,sell,0.0109595,7703.27070527507
1700000001299786723,sell,0.0109595,883.6775257990143
1700000001300023497,buy,0.0109615,18370.214109958953
1700000001300278371,sell,0.0109605,7684.015639310248
1700000001300484487,buy,0.0109615,4751.205691219187
1700000001300527580,buy,0.0109615,4629.4390808222915
1700000001301277139,sell,0.0109595,9713.290977956678
1700000001301534857,sell,0.01096,19499.43807754594
1700000001301640913,buy,0.010961,8534.377355368568
1700000001302033697,sell,0.01096,8203.328332856052
1700000001302063240,buy,0.010962,2094.5233761812697
1700000001302176497,buy,0.010962,2873.875783162827
1700000001302195089,buy,0.010962,4226.354172994465
1700000001302685734,sell,0.010961,16803.57972219987
1700000001302803990,sell,0.010960000000000001,3480.6280429063945
1700000001303099979,buy,0.010961499999999999,5635.4581773906375
1700000001303332594,buy,0.0109605,52724.32578929708
1700000001303366140,buy,0.010961499999999999,3986.5953327597695
1700000001303384005,sell,0.0109595,2144.790687780818
1700000001303668877,sell,0.010959,3021.9210869510543
1700000001304135029,buy,0.010961,22815.32733297949
1700000001304571955,buy,0.0109625,29311.569983793317
1700000001304602970,sell,0.0109605,3585.282214243446
1700000001304895256,buy,0.0109615,5804.941477028976
1700000001304943538,sell,0.0109595,11161.184817070935
1700000001305042100,sell,0.0109605,14438.150585505624
1700000001305452425,sell,0.010961499999999999,2153.9225094350927
1700000001306567209,sell,0.010961,15559.467684806112
1700000001306785221,sell,0.010960000000000001,10146.187645363558
1700000001307025783,buy,0.010962999999999999,28443.549166558027
1700000001307058155,sell,0.01096,752.7854150467865
1700000001307188534,sell,0.01096,874.2155513459456
1700000001307388012,sell,0.01096,3602.6033593283837
1700000001307812679,buy,0.0109615,4057.334463453589
1700000001307820378,sell,0.0109605,13544.323666617309
1700000001307921115,sell,0.0109605,2080.4057313097055
1700000001308358443,sell,0.010961,15841.890729405173
1700000001308544491,sell,0.0109605,2195.8135468549904
1700000001308812458,sell,0.0109605,1552.1413004192716
1700000001308895614,buy,0.0109615,2859.2912805022274
1700000001309256536,buy,0.010961,4204.036440488895
1700000001309733984,sell,0.010960999999999999,31744.272226100402
1700000001309738489,buy,0.010961,8634.72235411125
1700000001310255745,sell,0.010959,27523.69632627095
1700000001310338988,sell,0.01096,5030.28154635021
1700000001310419275,buy,0.010962,3731.7716561662232
1700000001310717082,buy,0.010962,3962.561542365447
1700000001310736882,buy,0.010962,11047.596958468646
1700000001311196981,sell,0.01096,20192.206696757545
1700000001313493371,buy,0.0109605,6291.9552910310385
1700000001313753088,buy,0.010961,773.9719379195153
1700000001313861400,buy,0.010960000000000001,1347.3930854236553
1700000001313898415,sell,0.010960999999999999,13123.548473401388
1700000001313898963,sell,0.01096,5089.560477542819
1700000001314030214,buy,0.0109605,3106.483581991208
1700000001314130041,buy,0.0109605,885.0073399110445
1700000001314887311,buy,0.010960499999999998,18753.69689311062
1700000001315351757,sell,0.010959999999999998,4137.709173973421
1700000001315614645,sell,0.010959999999999998,1055.8979697136997
1700000001315737691,buy,0.01096,4906.95399126897
1700000001316267593,buy,0.010961499999999999,12855.480617715204
1700000001316281849,sell,0.0109595,3796.8752628282296
1700000001316371709,buy,0.010961499999999999,2708.2778639713188
1700000001316435370,buy,0.010961499999999999,17580.949309543175
1700000001316604200,buy,0.0109615,19578.685482481327
1700000001316617016,sell,0.0109605,18579.100926716525
1700000001316629467,sell,0.0109605,3215.724388307389
1700000001316680184,sell,0.0109605,1805.3854051433236
1700000001316696170,sell,0.0109605,12019.969632016
1700000001316751553,buy,0.0109615,27051.52027977696
1700000001316931837,sell,0.0109605,1515.7971091265126
1700000001317125933,buy,0.010961,13285.762425873094
1700000001317217788,buy,0.010961,2239.101192337188
1700000001317461713,buy,0.010960000000000001,8002.288261677826
1700000001317677682,sell,0.0109605,4372.54655880057
1700000001318056173,sell,0.01096,1548.5143288353577
1700000001318362241,buy,0.010960000000000001,8021.634810476157
1700000001318503412,buy,0.0109605,4035.3390728495256
1700000001318640226,sell,0.010960499999999998,6221.927018836291
1700000001318906829,buy,0.0109605,2416.0538713278747
1700000001318958070,buy,0.0109605,212.59888428356788
1700000001319070821,buy,0.010960500000000001,20859.216141888915
1700000001319474205,sell,0.0109605,6766.427365872872
1700000001320840854,buy,0.0109625,5407.308535363876
1700000001321262346,sell,0.010962499999999998,12258.526387110203
1700000001321289985,sell,0.010963499999999998,1248.9632052722795
1700000001321526019,sell,0.010963499999999998,10185.659432277584
1700000001322165415,buy,0.010964499999999999,3740.09846671298
1700000001322346013,sell,0.0109625,1506.3512632594197
1700000001322446321,buy,0.0109635,9301.328783761679
1700000001322485406,buy,0.010964499999999999,1183.2637747788378
1700000001322854981,buy,0.010963999999999998,16252.394701570707
1700000001323027752,sell,0.010962999999999999,5368.928669282923
1700000001323048207,sell,0.010962,40026.99559023346
1700000001323181978,buy,0.010963,18424.58371217814
1700000001323531389,sell,0.010962499999999998,1653.2488446105879
1700000001323557516,sell,0.010963499999999998,1041.122916445974
1700000001324067118,buy,0.0109645,1316.6961760484628
1700000001324173104,sell,0.0109635,1087.1027741887092
1700000001324420039,buy,0.0109645,2743.077517057165
1700000001324488505,buy,0.0109645,2324.749217987579
1700000001324844749,sell,0.0109635,2910.7069981020327
1700000001325064015,buy,0.0109645,6405.670191937939
1700000001325803855,sell,0.010964,2918.351988595742
1700000001326416982,buy,0.010964999999999999,2929.1987989675195
1700000001326509806,sell,0.010963500000000001,3483.554200143431
1700000001326770643,sell,0.010963500000000001,31546.067088192132
1700000001327080875,sell,0.010964499999999999,26807.225385151007
1700000001327116341,sell,0.010964499999999999,9159.201087832995
1700000001327273654,sell,0.010964499999999999,3774.870871344412
1700000001327349392,buy,0.0109645,5544.479593696017
1700000001327463418,buy,0.0109645,5275.007281498122
1700000001327599889,sell,0.010964999999999999,4951.79604575824
1700000001327808367,buy,0.010966,8991.45247670536
1700000001327898622,buy,0.010966,5695.446728851514
1700000001327963422,sell,0.010965999999999998,27418.439418393278
1700000001328304121,buy,0.010966,3850.2637778666162
1700000001328329743,sell,0.010965999999999998,7428.434759305423
1700000001328553585,buy,0.010965500000000001,19633.49349097931
1700000001328722255,buy,0.0109665,12864.680987950062
1700000001328892013,sell,0.010966499999999999,4615.343364507362
1700000001329424167,buy,0.0109665,1772.3773506679397
1700000001329775387,buy,0.010967,5363.3132484364705
1700000001330379621,sell,0.010966,7016.53303312961
1700000001330666468,sell,0.010964999999999999,2773.170265359806
1700000001330778222,buy,0.010967999999999999,8019.692811705255
1700000001330911635,buy,0.010967999999999999,2050.8945018350337
1700000001331166127,buy,0.010967000000000001,4583.936290036862
1700000001331467272,buy,0.010968,7809.798145571884
1700000001331522625,sell,0.010967,5582.472920117518
1700000001331772330,sell,0.010966,4077.532991828562
1700000001331954997,sell,0.010966,7908.53147891945
1700000001332055864,buy,0.010967999999999999,6299.879605918991
1700000001332115084,sell,0.010966,1198.8944109211009
1700000001332232157,buy,0.010967999999999999,1833.1762827003402
1700000001332290788,buy,0.010967999999999999,12808.73018176886
1700000001332539544,buy,0.010968,9783.753657454883
1700000001332771051,sell,0.010967,3647.842682965083
1700000001332844460,buy,0.010968,3146.7005122810174
1700000001332906425,buy,0.010968,4029.5426771882862
1700000001333406696,buy,0.0109695,4595.317470370689
1700000001333459602,buy,0.0109695,1636.2745082766207
1700000001333793498,buy,0.010968,5517.152771389787
1700000001333929003,buy,0.010969,4197.776282460729
1700000001333991603,buy,0.010969,2817.371510402492
1700000001334000551,sell,0.010967,3060.394320811176
1700000001334208826,buy,0.010967000000000001,6326.47192832662
1700000001334372703,sell,0.010967,1548.8786941150909
1700000001334847750,buy,0.010968,1149.388278572091
1700000001335036884,buy,0.0109675,1155.9108333249137
1700000001335169653,buy,0.0109665,2352.9265213119975
1700000001335327210,sell,0.010967499999999998,13781.140895572715
1700000001335360191,buy,0.0109665,9191.107998746607
1700000001335576648,buy,0.010967,22237.595799566367
1700000001335704070,buy,0.010967,960.7692495559486
1700000001336355712,sell,0.010966499999999999,28695.230807649168
1700000001336833401,sell,0.010966499999999999,5358.095946712402
1700000001336845032,sell,0.010966499999999999,17375.10109850433
1700000001336874664,buy,0.0109675,936.3158777651105
1700000001337082466,buy,0.010968,2906.9558368654957
1700000001338201175,buy,0.0109695,4908.510595834009
1700000001338288660,sell,0.010968499999999999,10214.134399577057
1700000001338466671,sell,0.010968499999999999,8599.594216074805
1700000001338589270,sell,0.010969999999999999,8912.66221550216
1700000001338692687,buy,0.010969000000000001,22661.618512828973
1700000001338699788,buy,0.010969000000000001,5273.768891500378
1700000001338940601,buy,0.010969000000000001,2325.5477305094037
1700000001339031905,sell,0.010969499999999998,15275.391508457229
1700000001339640455,buy,0.0109685,10485.499057118894
1700000001339772100,sell,0.010968499999999999,46029.53842835195
1700000001339799372,sell,0.010968499999999999,6545.614092861272
1700000001340090030,buy,0.010969499999999998,8690.397405138383
1700000001340188928,buy,0.010969499999999998,6641.174305471506
1700000001340342402,sell,0.0109675,12675.899157987675
1700000001340461801,buy,0.010968499999999999,5042.464410124939
1700000001340853307,sell,0.0109665,10942.26702003204
1700000001340908184,sell,0.0109665,5182.394767054432
1700000001341157810,sell,0.010967,2759.8441701586958
1700000001341708868,buy,0.0109675,1577.7101751035611
1700000001342008899,sell,0.010966499999999999,13736.862817484836
1700000001342049403,buy,0.0109675,4015.391254253788
1700000001342142201,buy,0.0109675,1596.355277975951
1700000001342217681,buy,0.0109675,13140.3583865704
1700000001342512821,sell,0.010964999999999999,2005.109969557545
1700000001342575328,buy,0.010967,2866.717954034769
1700000001343166351,buy,0.0109665,1978.3849790820332
1700000001343226696,sell,0.0109655,3281.433537829623
1700000001343234834,sell,0.0109655,1293.0314443546586
1700000001343385199,sell,0.0109655,1217.680555047705
1700000001343452859,sell,0.010966499999999999,27893.240400158487
1700000001343460894,sell,0.0109655,2741.4685752235114
1700000001343700101,sell,0.010964499999999999,24359.37251828863
1700000001344014427,buy,0.010965,4368.336299435643
1700000001344553660,buy,0.010966499999999999,1098.758660814979
1700000001345019707,buy,0.0109665,17810.124153443336
1700000001345025595,sell,0.0109655,834.5918721112013
1700000001345262766,sell,0.0109655,5083.7217524171965
1700000001345276570,sell,0.0109655,5041.823908207474
1700000001345279222,sell,0.0109655,8922.105618230511
1700000001345996282,sell,0.010965999999999998,6342.622625015285
1700000001346044962,buy,0.010967,34701.356761457566
1700000001346139106,buy,0.010967,2442.083303008148
1700000001346439496,sell,0.010966999999999998,8856.46779359719
1700000001346744158,sell,0.010965999999999998,4607.007139755424
1700000001347263056,sell,0.0109655,3206.1118192686895
1700000001347280949,buy,0.0109665,4147.982142581318
1700000001347507962,buy,0.010968499999999999,55098.23180085858
1700000001347601996,sell,0.0109655,6546.288856727573
1700000001347671005,sell,0.0109655,2135.4319048273724
1700000001347831264,sell,0.0109655,733.7073672118945
1700000001347991598,sell,0.010966499999999999,3102.357775968423
1700000001348241692,buy,0.010968499999999999,5833.664058070708
1700000001348663043,buy,0.010968,13133.091311879296
1700000001349747269,sell,0.010966499999999999,2457.222689606699
1700000001349935419,buy,0.0109665,4404.302752591198
1700000001350328164,buy,0.010967,11293.889504581493
1700000001350363851,buy,0.010967,12620.154467466687
1700000001350418462,sell,0.010966,5291.778674723947
1700000001350461501,sell,0.010965,8785.248312441407
1700000001350614469,buy,0.0109665,3192.223775254662
1700000001350661048,sell,0.0109655,7931.548010902743
1700000001350751711,sell,0.0109655,9707.231540674957
1700000001351303577,sell,0.0109655,4555.437948334951
1700000001351352752,buy,0.0109665,270.5832681836236
1700000001351353464,buy,0.0109665,4770.71567383238
1700000001351489293,sell,0.010966499999999999,2188.801914091383
1700000001351562314,sell,0.0109645,2670.1463475268156
1700000001352069519,buy,0.010967,7084.215389802651
1700000001352398429,sell,0.010965,12404.379369873946
1700000001352479919,buy,0.010966,22429.2983700492
1700000001352780070,buy,0.010966,9301.18847831107
1700000001353276907,sell,0.0109655,4291.864427173324
1700000001353294527,sell,0.010966499999999999,9390.236157317215
1700000001353469895,buy,0.0109665,1806.7096942634364
1700000001353539946,sell,0.010966,1620.5922669381878
1700000001353724632,sell,0.010966,3844.5598216645253
1700000001353824294,buy,0.010967,7704.0289759015195
1700000001353921129,buy,0.010966,2647.3861560600762
1700000001354727711,buy,0.010966,19367.630912575336
1700000001354913653,sell,0.010964999999999999,3301.380539237327
1700000001355447489,buy,0.010966,2024.9920814929073
1700000001355507067,sell,0.010964499999999999,2560.9347443923425
1700000001355539071,buy,0.0109655,5744.097620408603
1700000001355634307,buy,0.0109655,1576.7745823981738
1700000001356090041,sell,0.0109655,17817.346709618625
1700000001356319990,sell,0.010966499999999999,10110.610368802127
1700000001356381260,sell,0.0109655,1359.498611939287
1700000001356406545,sell,0.010966499999999999,9091.218536310329
1700000001357296808,sell,0.010966499999999999,1300.5891299248235
1700000001357432107,sell,0.010966499999999999,3393.2123784744076
1700000001357443319,sell,0.010966499999999999,817.5204061046028
1700000001358161050,buy,0.010966,2537.7880599968134
1700000001358518112,buy,0.010967,3178.3078393976834
1700000001358555586,buy,0.010967,2917.2534074811433
1700000001358615568,sell,0.010966,4010.9421044925493
1700000001358894025,buy,0.010967,15496.279118963299
1700000001359038158,sell,0.010964999999999999,13813.296517095276
1700000001359585404,sell,0.010964999999999999,21974.772683983807
1700000001360296753,buy,0.010966,1945.1168169793677
1700000001360444854,sell,0.010964999999999999,5349.980979028571
1700000001360783678,sell,0.010964,22456.088740035055
1700000001360865188,buy,0.010964999999999999,1971.9528944010208
1700000001361070610,sell,0.0109645,8482.858635540853
1700000001361555557,buy,0.0109655,3319.395218351897
1700000001361602465,buy,0.0109655,3636.088588442698
1700000001361609799,buy,0.0109655,2409.199889818884
1700000001361938455,buy,0.0109655,4462.544576621451
1700000001362911806,buy,0.010966499999999999,507.36191939715866
1700000001363036328,sell,0.0109655,10229.088933758014
1700000001363963527,buy,0.010966499999999999,1061.202558677172
1700000001364375839,sell,0.010965999999999998,17488.822579909312
1700000001364476110,sell,0.010964999999999999,3380.31513619408
1700000001364717153,buy,0.0109675,11340.43658244344
1700000001364898276,sell,0.0109645,10015.377285043747
1700000001365390822,sell,0.0109655,5808.180142006869
1700000001366053930,sell,0.010963500000000001,4183.494863461352
1700000001366314467,sell,0.0109645,4026.1656726683236
1700000001366371741,buy,0.0109655,4529.801010770067
1700000001366413861,buy,0.0109655,31992.18840230834
1700000001366900438,sell,0.010962999999999999,8580.002068078113
1700000001366906793,buy,0.010964,1479.3045173883777
1700000001366993066,sell,0.010962999999999999,2034.3757453913777
1700000001367043854,sell,0.010963,10154.18323537585
1700000001367225674,buy,0.010964999999999999,6893.199314072145
1700000001367414102,buy,0.010964999999999999,26392.143530620855
1700000001367697424,sell,0.0109635,5765.926511505654
1700000001367720812,buy,0.0109645,10726.442352866376
1700000001368081441,sell,0.010962999999999999,4873.467299730077
1700000001368281579,buy,0.010964,4101.022411436136
1700000001368383018,sell,0.010962,28371.448223743777
1700000001368471770,sell,0.010962999999999999,1630.9056128342695
1700000001368637054,buy,0.0109635,1386.3720260942036
1700000001368694038,sell,0.010962499999999998,1472.0054707788927
1700000001368780560,sell,0.010962499999999998,3728.9617617865456
1700000001368919379,buy,0.0109635,13394.201948270766
1700000001368970623,sell,0.010962499999999998,2024.1759244042464
1700000001369284045,sell,0.0109635,231.20826830184896
1700000001369793214,buy,0.010964499999999999,4395.523293505749
1700000001369997213,buy,0.0109635,6487.072576331154
1700000001370488837,buy,0.010964,24286.838714837544
1700000001370563584,buy,0.010963500000000001,7463.744715686389
1700000001370853374,buy,0.0109645,3471.3506587205575
1700000001370854104,buy,0.0109645,47710.19643816136
1700000001370966764,buy,0.0109645,4542.290030472758
1700000001371084238,buy,0.010963500000000001,10164.054510353799
1700000001371459929,sell,0.0109635,9883.549782650933
1700000001371550026,buy,0.010965,8691.110968057104
1700000001371903879,buy,0.010965,5216.144290531056
1700000001372440698,buy,0.0109645,2043.9424869426248
1700000001372639790,sell,0.010962999999999999,7285.461652267354
1700000001373093848,buy,0.010963,1878.1923473631264
1700000001373185198,sell,0.010962999999999999,2327.649204843432
1700000001373273005,sell,0.010962,6256.528673202716
1700000001373483856,buy,0.010962000000000001,48679.33196151986
1700000001373591503,sell,0.010962,1315.5449274965904
1700000001373768495,sell,0.010962999999999999,11137.691879267852
1700000001374553820,buy,0.010964,9472.141975771852
1700000001374794362,sell,0.010961,3464.7609130506935
1700000001374828659,buy,0.010964,2237.549191516818
1700000001375156150,buy,0.010962000000000001,25648.82192866777
1700000001375668995,buy,0.0109635,15637.896380867636
1700000001375879157,sell,0.010962499999999998,9751.918168625878
1700000001376077354,sell,0.010962,8138.076746632105
1700000001376103781,buy,0.010963999999999998,2865.5678235882533
1700000001376104742,sell,0.010962,5100.0904487558055
1700000001376135040,buy,0.010963999999999998,11758.463327951835
1700000001376152543,sell,0.010962,5270.325489584704
1700000001376198173,buy,0.010963999999999998,5956.931974701946
1700000001376569795,buy,0.010963,25849.072058238078
1700000001377210879,sell,0.010960999999999999,594.9830789731411
1700000001377454733,buy,0.010962,6663.759327778603
1700000001377531542,sell,0.0109605,3975.52339199965
1700000001378053503,sell,0.01096,8633.97888719309
1700000001378737050,buy,0.010960000000000001,3398.1217627685132
1700000001378871907,sell,0.01096,6143.492652650231
1700000001379078941,sell,0.010959499999999999,2432.7814648920967
1700000001379231425,buy,0.0109605,6842.600518526349
1700000001379435271,sell,0.010960499999999998,85269.40544590104
1700000001379456250,sell,0.010960499999999998,1608.8559069690918
1700000001379458696,sell,0.010959499999999999,1502.2525345746806
1700000001379888552,sell,0.010958999999999998,1670.5677833347765
1700000001380467189,buy,0.0109595,13484.29622302525
1700000001380747330,buy,0.0109595,3759.226805639363
1700000001380951241,sell,0.0109585,5113.993460297856
1700000001381249850,buy,0.0109595,2870.6136538212313
1700000001381382791,buy,0.0109595,3360.4869528650793
1700000001381760196,sell,0.010957999999999999,4904.473422961731
1700000001382193438,buy,0.010958500000000001,6706.538132473226
1700000001382303057,sell,0.0109585,14103.196543758417
1700000001382372986,sell,0.0109585,4606.893430047944
1700000001383478055,sell,0.010957999999999999,25434.95401013649
1700000001383611506,buy,0.010959499999999999,14663.550426904776
1700000001384132918,buy,0.01096,2104.183229744953
1700000001384568601,sell,0.0109585,5906.811769478859
1700000001384611996,sell,0.0109575,13864.018974571987
1700000001385396531,sell,0.010958999999999998,20035.401669118786
1700000001385480213,sell,0.010958999999999998,673.3877912149203
1700000001385515989,buy,0.010960999999999999,7119.63816693145
1700000001386060715,buy,0.0109615,3557.934865659808
1700000001386107370,sell,0.0109605,12262.602884530766
1700000001386262004,sell,0.0109605,15220.302250082645
1700000001386697075,buy,0.010960000000000001,9586.590551115389
1700000001386760198,sell,0.01096,8307.553121998366
1700000001387786458,sell,0.010960999999999999,2986.9392566685005
1700000001387999777,buy,0.010962,5099.621583438763
1700000001388045789,sell,0.0109605,7172.146830799546
1700000001388555206,buy,0.010962499999999998,36002.65221382761
1700000001388842155,buy,0.010961499999999999,8967.508830902005
1700000001389017720,buy,0.010961,5871.972498071501
1700000001389518124,sell,0.010960999999999999,33479.75805638635
1700000001389857988,sell,0.010960999999999999,17222.15656222538
1700000001389899566,sell,0.010960999999999999,10212.353886688854
1700000001389914228,buy,0.010962,15196.983874529951
1700000001390354234,buy,0.010962,2021.4524835847658
1700000001390541592,buy,0.010962999999999999,856.9837679359566
1700000001390697741,sell,0.010961,1454.8021841009263
1700000001390790378,buy,0.010962999999999999,4357.215320080319
1700000001390913115,sell,0.010962,3929.9843086111077
1700000001390976365,buy,0.010962999999999999,3103.0822257954846
1700000001391063612,buy,0.010962999999999999,9662.958746565491
1700000001391173219,buy,0.010962999999999999,1460.8987125589563
1700000001391301213,buy,0.010962999999999999,1262.553868754002
1700000001391376324,sell,0.010962,8089.997402641391
1700000001391819184,buy,0.010962,13346.20895021506
1700000001392288856,buy,0.010962499999999998,2182.754923767219
1700000001392469329,sell,0.0109605,14787.062599123466
1700000001392547258,buy,0.0109625,13127.483821217897
1700000001392620443,buy,0.0109625,7178.851774520306
1700000001392850551,buy,0.0109625,10594.19851838602
1700000001392944537,buy,0.0109625,2531.5490320071035
1700000001392967272,sell,0.010961499999999999,4804.644135289845
1700000001393213704,sell,0.010962,1864.239372292128
1700000001393399191,sell,0.010961,2166.898613428317
1700000001393590192,sell,0.010962,29421.495865687855
1700000001393802340,buy,0.010962,2561.1481520333064
1700000001393930986,buy,0.010962,4722.634855101992
1700000001394203115,sell,0.010962,7886.107125068684
1700000001394441620,sell,0.010962,6644.725661812064
1700000001395354743,sell,0.010962999999999999,18793.102025294687
1700000001395444017,sell,0.010962999999999999,8620.485486641444
1700000001395655236,sell,0.010962499999999998,1197.1505247270154
1700000001396383412,sell,0.010962499999999998,6600.085637374137
1700000001396686069,sell,0.010962499999999998,14136.497332282815
1700000001396866926,sell,0.010962499999999998,577.0313459951896
1700000001396981505,sell,0.010961499999999999,5852.187780371652
1700000001397072945,sell,0.010962,10755.813187441763
1700000001397267968,buy,0.010963,2798.073006303728
1700000001397330460,buy,0.010963,942.5960946315915
1700000001397412515,sell,0.010962,10141.607497946661
1700000001397796372,sell,0.010962499999999998,1295.5846732054747
1700000001397856302,sell,0.010962499999999998,2943.2277797806482
1700000001397866373,buy,0.0109625,8121.205643405809
1700000001397996629,buy,0.0109625,1278.742298141496
1700000001398278533,buy,0.010963,18360.930128166594
1700000001398396841,sell,0.010962,4789.860017110811
1700000001399714676,sell,0.010962999999999999,3984.0835992097213
1700000001399772579,sell,0.010962,13147.934619632546
1700000001399829874,sell,0.010962,6462.368411189007
1700000001399910489,buy,0.010962000000000001,5009.940089603551
1700000001400325803,sell,0.010961499999999999,668.8117717729633
1700000001400372686,buy,0.0109635,6121.058808173328
1700000001400486395,buy,0.010964499999999999,1410.5364057270385
1700000001400739952,sell,0.010963999999999998,2355.4802679181967
1700000001400745465,buy,0.010964,878.3133015539199
1700000001400809180,sell,0.010963999999999998,6162.681708148103
1700000001400855902,buy,0.010964,1526.7235385225963
1700000001400919560,buy,0.010964,20950.822379090558
1700000001401140852,buy,0.0109635,10736.3698571635
1700000001401370799,sell,0.010963499999999998,12709.60199431429
1700000001401390749,buy,0.0109635,4167.363432964578
1700000001402443959,sell,0.010962999999999999,17780.10719336993
1700000001402532231,sell,0.010961499999999999,3394.380312269868
1700000001402605499,buy,0.010964499999999999,4254.95199129241
1700000001402857041,sell,0.010961499999999999,6900.592417172837
1700000001403028768,sell,0.010962999999999999,898.7412432572349
1700000001403733484,sell,0.010963499999999998,8288.833487392869
1700000001404165391,buy,0.010964,5464.8400126649085
1700000001404235966,buy,0.010964999999999999,33643.481729027815
1700000001404428111,buy,0.010964999999999999,22126.365142954055
1700000001404490311,sell,0.010964,19394.119976174115
1700000001404560019,buy,0.010964,1458.7206359107731
1700000001404596590,sell,0.010962999999999999,7263.579781307582
1700000001404861398,sell,0.010962999999999999,1214.4143519501472
1700000001404966027,sell,0.010962999999999999,4366.516319006588
1700000001405860772,sell,0.010960999999999999,5865.074557051666
1700000001406070860,sell,0.0109605,15436.288888192079
1700000001406266051,sell,0.0109605,210.5507342180013
1700000001406276227,sell,0.0109605,3101.3866453143833
1700000001406791594,buy,0.010960000000000001,7449.1829371048225
1700000001406907351,buy,0.010961,1722.8658219257638
1700000001407154132,buy,0.0109615,2532.0222631111606
1700000001407227224,buy,0.0109615,12451.596930986801
1700000001407321324,buy,0.010960500000000001,3354.6604139481706
1700000001407326317,buy,0.0109615,2326.010008763895
1700000001407484454,buy,0.010960500000000001,3098.7722254764017
1700000001407984515,sell,0.0109595,4146.462634997189
1700000001408276768,sell,0.01096,2211.763377055712
1700000001408447011,sell,0.01096,14832.289247009834
1700000001408632962,sell,0.01096,871.2030023360905
1700000001409049372,buy,0.0109605,9922.245608919295
1700000001409089587,buy,0.0109595,5165.464681686413
1700000001409176943,sell,0.010959499999999999,3982.491190113432
1700000001409262718,sell,0.010959499999999999,8541.969119548718
1700000001409468617,buy,0.0109595,6868.12915197145
1700000001409567225,sell,0.010959499999999999,1856.107354883909
1700000001409628406,buy,0.0109605,21351.52879466754
1700000001409872865,buy,0.0109595,3659.1889697662646
1700000001410294310,buy,0.0109605,6991.872432072611
1700000001410344964,buy,0.010961499999999999,10438.022409301793
1700000001410490278,sell,0.0109585,1327.403672553904
1700000001410622047,sell,0.0109605,2052.7211797126215
1700000001410771162,sell,0.010961499999999999,6716.954304324631
1700000001410999268,buy,0.0109615,16734.000202765244
1700000001411075776,sell,0.0109605,8234.10360356788
1700000001411169595,sell,0.0109605,7200.417270517499
1700000001411610826,sell,0.0109605,2109.5484642735446
1700000001411617375,sell,0.0109605,10839.111784496034
1700000001411892523,buy,0.0109615,1376.707657092156
1700000001411964040,sell,0.0109605,2652.938874361362
1700000001412408893,sell,0.010960999999999999,6355.656135005752
1700000001412449232,sell,0.010960999999999999,1534.1387516852553
1700000001412687057,sell,0.01096,4998.058004161835
1700000001412757299,sell,0.01096,5697.691707535631
1700000001412776623,buy,0.010961,48195.86135720672
1700000001412925248,sell,0.01096,5563.449950562314
1700000001413307825,buy,0.01096,1433.6472973704228
1700000001413417244,sell,0.010958999999999998,18374.343913684643
1700000001413909906,sell,0.010958999999999998,3629.582343576528
1700000001414066157,sell,0.010959499999999999,45538.58390096134
1700000001416004653,buy,0.0109585,7472.743005200961
1700000001416409291,sell,0.010957499999999998,3103.0014407780586
1700000001416611951,buy,0.0109585,9546.894546588612
1700000001417066569,sell,0.010957,1178.654357901
1700000001417606120,buy,0.010958,24516.404028852743
1700000001417960712,buy,0.010959,17497.665524737906
1700000001418564527,buy,0.010958,7941.1776043941645
1700000001419303130,sell,0.010957499999999998,947.3662143375288
1700000001419990682,buy,0.010959,7326.568109329066
1700000001420196266,sell,0.0109585,9234.630247673498
1700000001420207656,buy,0.0109585,1525.0896625929256
1700000001420793437,buy,0.010958,5051.484198273014
1700000001420843443,sell,0.010957,11055.165140182755
1700000001421228495,buy,0.010957,6604.8317429235185
1700000001421350582,sell,0.010955999999999999,2216.1680373425197
1700000001422343755,buy,0.010957000000000001,4340.44961553877
1700000001422688181,buy,0.0109585,6976.773207755363
1700000001423286566,buy,0.010958999999999998,2861.7513504778644
1700000001423582913,buy,0.0109585,2388.7161335058413
1700000001423903014,sell,0.010957499999999998,3867.9132973396354
1700000001424012407,buy,0.010959499999999999,3252.5236987028984
1700000001424279972,sell,0.0109565,4672.870408744765
1700000001424336711,sell,0.0109565,13961.1628721823
1700000001425200709,buy,0.0109575,2605.733892797192
1700000001425848288,sell,0.010957499999999998,5498.152857008769
1700000001426050111,sell,0.0109565,1161.5632580227527
1700000001426341065,buy,0.010959499999999999,16580.478943045753
1700000001426479342,buy,0.010959499999999999,1051.1410086381868
1700000001426528174,buy,0.010958999999999998,1021.8956071000958
1700000001426618020,sell,0.010957,2961.8307654651503
1700000001426752758,sell,0.010957,2732.0801452246897
1700000001426843751,buy,0.010958999999999998,3988.1941214855324
1700000001426931460,buy,0.010958999999999998,1194.7935623035928
1700000001426971049,buy,0.010958999999999998,34176.286199580645
1700000001427075896,sell,0.0109565,11409.460626835527
1700000001427367744,sell,0.0109565,3907.2695602410927
1700000001427469819,buy,0.010959499999999999,4659.770266249328
1700000001427533455,buy,0.010959,10858.267621738833
1700000001427681139,buy,0.010959,16130.714307938733
1700000001428133397,sell,0.010958499999999998,13244.387571777257
1700000001428570393,sell,0.010958999999999998,9208.040463113042
1700000001428646029,buy,0.010958,2940.3601590491694
1700000001428753839,sell,0.010958999999999998,2614.3542939104022
1700000001429060713,buy,0.0109605,5325.320243636218
1700000001429898774,buy,0.0109605,1031.087014730761
1700000001429905873,buy,0.0109605,6194.1498777428205
1700000001430247566,sell,0.010959999999999998,5532.398567164626
1700000001430251346,sell,0.010958999999999998,9333.075783594957
1700000001430390270,sell,0.010958999999999998,2975.938465371144
1700000001430523059,sell,0.01096,17439.095847899196
1700000001430608157,buy,0.010960999999999999,3816.798276142184
1700000001430976737,sell,0.010959,10263.329004341322
1700000001431112670,sell,0.010959499999999999,956.4194238958466
1700000001431988983,sell,0.01096,5851.684537627535
1700000001432468872,buy,0.010960999999999999,4450.838311824222
1700000001432565612,buy,0.01096,24863.502439314976
1700000001432613229,sell,0.010958999999999998,12334.490907817495
1700000001433012363,buy,0.010958,355.81819135267455
1700000001433151490,sell,0.010957999999999999,4188.376957819572
1700000001433373665,sell,0.010958999999999998,3747.2312804881276
1700000001433769689,sell,0.010958,6370.914231108113
1700000001433840756,sell,0.010958,7131.712375920647
1700000001434029118,sell,0.010958499999999998,1563.6742394859168
1700000001434142028,sell,0.010957499999999998,10078.32135372298
1700000001434280204,sell,0.010957499999999998,1674.1046272988378
1700000001434305471,buy,0.0109585,3762.9633101118943
1700000001434395386,sell,0.010957499999999998,29299.355163233664
1700000001434417426,sell,0.010958499999999998,1114.2637771862221
1700000001434776034,sell,0.010957999999999999,2432.4991843023254
1700000001435022636,sell,0.010957999999999999,4547.217784741325
1700000001435030650,sell,0.010957,17453.02865879766
1700000001435072579,buy,0.010958999999999998,7510.253216617039
1700000001435158812,buy,0.010958999999999998,16027.348217867358
1700000001435178134,buy,0.010958999999999998,11408.130996427637
1700000001435195515,buy,0.010957999999999999,1845.3988479938732
1700000001435411181,sell,0.010957,10544.76022976737
1700000001435468271,buy,0.010958999999999998,3136.1635523082646
1700000001435540015,buy,0.010957000000000001,20682.373594585337
1700000001436096816,sell,0.010957,1128.3245689054088
1700000001436120732,sell,0.010957,6710.206358515175
1700000001436206299,sell,0.010957,2536.8693079962127
1700000001436634014,buy,0.010958,7094.486066245714
1700000001436778139,sell,0.010957,1455.2809943196542
1700000001436802344,buy,0.010958,9445.303972349278
1700000001437283115,sell,0.010958499999999998,9561.567399999469
1700000001437487721,buy,0.0109585,22967.611167883064
1700000001438057322,sell,0.010958,1337.2248034247157
1700000001438126446,sell,0.010959,4946.740654953414
1700000001438722871,buy,0.01096,1372.0486735810175
1700000001438750798,buy,0.010959,6973.2740607659325
1700000001439085307,buy,0.0109595,2165.507682389487
1700000001439534438,buy,0.010959,9217.200439282178
1700000001439665691,sell,0.010958999999999998,6770.547531441939
1700000001439907919,buy,0.01096,1112.7147531758912
1700000001440072871,sell,0.010959999999999998,5955.1396390463
1700000001440092645,sell,0.010958999999999998,2461.2163983525397
1700000001440094750,sell,0.010959999999999998,3782.7846428659564
1700000001440668414,sell,0.0109585,1223.24572261553
1700000001440848984,buy,0.010958500000000001,6202.543567578553
1700000001440937653,sell,0.0109585,986.4617072298203
1700000001441995263,sell,0.0109585,2834.273245875546
1700000001442073816,buy,0.0109605,4231.461906429671
1700000001442786961,sell,0.010958999999999998,2974.388356612579
1700000001442970844,buy,0.010960999999999999,2994.9559533368656
1700000001443065701,sell,0.0109575,6029.074426919515
1700000001443217566,sell,0.0109575,2247.9132202991286
1700000001443263505,sell,0.0109585,2139.1263914227175
1700000001443701556,sell,0.0109585,2200.467108929492
1700000001443845619,sell,0.0109585,7126.157604442847
1700000001444033465,sell,0.0109585,3907.6918435100156
1700000001444040363,buy,0.010958500000000001,13036.012658890984
1700000001444774427,sell,0.0109575,8274.056107751148
1700000001444843886,sell,0.0109575,4748.123688984792
1700000001444899778,buy,0.0109585,2275.320649288072
1700000001445186130,buy,0.0109585,4184.426986978494
1700000001445335873,buy,0.0109585,4303.078166536979
1700000001445969541,buy,0.0109595,7516.4262773624805
1700000001446351876,buy,0.010958,3398.7516473914416
1700000001446420097,buy,0.010958,9146.5940652854
1700000001446879557,sell,0.010957499999999998,1430.1218889458544
1700000001446923152,buy,0.010956500000000001,5096.565085137118
1700000001447189538,buy,0.010958,9379.598362880979
1700000001447362720,sell,0.010957,2597.8927390784256
1700000001447712585,sell,0.010955999999999999,7993.771006447019
1700000001447882440,buy,0.010957,5026.8450096549295
1700000001448712715,buy,0.010957,12735.072776692974
1700000001448863924,buy,0.010957999999999999,3459.4670404275407
1700000001449723068,buy,0.0109585,6189.16195017936
1700000001449832226,sell,0.010958499999999998,9073.420596330106
1700000001449939715,sell,0.010957499999999998,9263.400207736942
1700000001450139955,buy,0.010959499999999999,5445.405125866952
1700000001450185616,buy,0.0109585,2347.4941314812895
1700000001450385794,buy,0.010959499999999999,11815.475902312599
1700000001450584285,sell,0.010957999999999999,6450.185835469073
1700000001450759576,sell,0.010958999999999998,2453.541958504907
1700000001450892013,sell,0.010958999999999998,12981.660739590634
1700000001452425737,buy,0.010958,16576.976152197505
1700000001452486405,buy,0.010958,7294.230208443155
1700000001452487648,buy,0.010958,15610.211661766403
1700000001452925679,sell,0.010958499999999998,808.7226873132998
1700000001453144017,buy,0.0109585,20368.52866400604
1700000001454118855,sell,0.010957499999999998,10893.583552936758
1700000001454210508,buy,0.0109585,11471.64313118429
1700000001454557105,sell,0.010957,5022.147873085959
1700000001454586393,sell,0.010957,9553.141304913273
1700000001454745264,buy,0.010959,13062.109688934255
1700000001454963982,buy,0.010959,2426.4447994093925
1700000001455014273,buy,0.010958,8484.171005728678
1700000001455131957,buy,0.010958,3453.2696905325665
1700000001455279450,buy,0.010958,12884.980110813822
1700000001455493735,sell,0.010957999999999999,5025.120254791239
1700000001455525773,sell,0.010957499999999998,7473.578453584258
1700000001455802719,buy,0.0109575,18840.839064003536
1700000001455827758,buy,0.0109575,21478.848518961808
1700000001456242488,sell,0.010956500000000001,6261.217223052127
1700000001456938780,sell,0.0109565,6031.605837952969
1700000001457085418,sell,0.010956,6260.3581498350495
1700000001457590378,sell,0.0109565,4664.0979763564765
1700000001457617212,buy,0.0109575,9444.435226550711
1700000001457629314,sell,0.0109565,2069.971028015675
1700000001457822739,buy,0.010956500000000001,14271.21490229724
1700000001457880086,sell,0.010957499999999998,4939.646203694983
1700000001458154385,buy,0.010957,1802.0738835965958
1700000001458363357,buy,0.010957,6245.945453366935
1700000001458519795,sell,0.010955999999999999,7350.24364885558
1700000001458855627,buy,0.010957,17557.874791117112
1700000001458907142,sell,0.010955999999999999,2008.7308885510897
1700000001459054028,sell,0.010956999999999998,20299.96925924939
1700000001459160040,sell,0.010955999999999999,14280.922061122372
1700000001459160926,sell,0.010955999999999999,10230.521087469118
1700000001459443073,buy,0.010957,17529.2211759161
1700000001459549901,buy,0.0109565,7012.509503645793
1700000001459943204,buy,0.010957499999999998,5890.948920933321
1700000001460653970,buy,0.0109565,3144.476352495774
1700000001460956354,buy,0.0109565,255.9066065978899
1700000001461636162,buy,0.010957,2843.8331654306457
1700000001462516517,sell,0.010955,868.991428508181
1700000001462736419,buy,0.010957999999999999,9636.827077372594
1700000001463415827,sell,0.010955,14005.79511202586
1700000001463471230,buy,0.010957999999999999,4871.059503673754
1700000001463729092,sell,0.010955499999999998,2087.765583869828
1700000001464231564,buy,0.010956999999999998,1644.3459561784282
1700000001464570257,buy,0.010957,9629.343135317515
1700000001464774340,sell,0.010956999999999998,3620.453405854599
1700000001465398249,buy,0.0109585,7306.600301902317
1700000001465940964,sell,0.010958999999999998,2112.878816087623
1700000001466005472,buy,0.010959,6425.399823599251
1700000001466022773,sell,0.010957999999999999,1504.7533254573634
1700000001466259387,sell,0.010957999999999999,9684.069333249561
1700000001466332532,sell,0.010958999999999998,6335.236546592458
1700000001467131952,buy,0.01096,2946.6206120397087
1700000001467441206,sell,0.010957,5001.955732077495
1700000001467798869,sell,0.0109575,9307.12459103928
1700000001467988544,buy,0.010959499999999999,8905.68654944116
1700000001468125522,buy,0.01096,10212.156051676826
1700000001468410919,buy,0.01096,2610.2906233589742
1700000001468461730,buy,0.01096,5210.974212060033
1700000001468771577,buy,0.0109595,2504.861723202032
1700000001469064846,buy,0.01096,17817.036499840604
1700000001469762169,buy,0.0109595,24096.572727378723
1700000001470336787,buy,0.01096,28820.63232672455
1700000001470357633,buy,0.01096,1943.8417540567614
1700000001470803763,buy,0.0109605,1369.48023249866
1700000001470970483,sell,0.010960499999999998,1635.6315467048046
1700000001471685663,buy,0.010961,13340.796327101487
1700000001471915967,sell,0.010960999999999999,6070.728339507935
1700000001472295850,buy,0.010960999999999999,3343.2118053842223
1700000001472314051,buy,0.01096,6815.220368748961
1700000001472807584,sell,0.0109585,22253.743703974094
1700000001472877205,buy,0.0109605,7641.090532826526
1700000001473256485,sell,0.0109585,4639.840794413123
1700000001473292836,sell,0.0109585,1374.4496114294777
1700000001473648523,sell,0.0109585,4341.277794137293
1700000001473654592,sell,0.010959499999999999,4934.575383369136
1700000001473712898,sell,0.0109585,7493.3863510120755
1700000001473974932,sell,0.0109585,9298.955960507381
1700000001474048585,buy,0.01096,1274.3257528110066
1700000001474095567,buy,0.01096,24737.17940649262
1700000001474525739,sell,0.010957999999999999,5786.955567955648
1700000001475336119,buy,0.01096,2297.0863208940127
1700000001475532533,sell,0.010958499999999998,2780.0846362127872
1700000001475674326,sell,0.010958499999999998,18628.328807785463
1700000001475938818,sell,0.010957499999999998,5393.717282111818
1700000001476204211,buy,0.010959499999999999,1703.4981282965662
1700000001477050880,sell,0.010957,1781.3279094327952
1700000001477083706,buy,0.01096,726.3682148167322
1700000001477121998,buy,0.010959,19533.685137057266
1700000001477302510,sell,0.010957,1278.3535360398469
1700000001477431318,buy,0.010959,938.5999713107916
1700000001477635049,buy,0.010958,4365.65956517609
1700000001477730680,buy,0.010958,16713.269509035163
1700000001477897034,sell,0.010957,3631.528953886834
1700000001478091605,sell,0.010957,1936.9108408931088
1700000001478320890,sell,0.010957,16901.18195723098
1700000001478322825,buy,0.010957000000000001,9024.647030849763
1700000001478329251,sell,0.010957,6966.282005502673
1700000001478521221,sell,0.010955,3357.363747674619
1700000001478602533,buy,0.010957999999999999,1176.148901953514
1700000001478635155,buy,0.010957999999999999,25102.41189584808
1700000001478779915,buy,0.010957999999999999,5697.990996430582
1700000001479124521,buy,0.0109575,16881.589919946484
1700000001479270136,buy,0.010956500000000001,4388.383006384166
1700000001479320434,sell,0.0109565,7080.050721661537
1700000001479594420,sell,0.0109565,6241.145773339002
1700000001479710064,sell,0.0109565,11960.229790681538
1700000001479916844,sell,0.0109565,4539.338337043703
1700000001479966702,buy,0.010956500000000001,3622.2154333681674
1700000001479976020,buy,0.0109575,5425.247623549348
1700000001480489503,sell,0.0109565,2070.7971337764666
1700000001481019986,buy,0.010959,41570.90893667553
1700000001481489434,buy,0.010958,3375.664036939356
1700000001481589698,sell,0.010958999999999998,5050.800450615479
1700000001481821607,buy,0.010958,1873.8032076065153
1700000001481862532,buy,0.010958,905.5519839536778
1700000001481976312,sell,0.010958999999999998,9079.893680961068
1700000001482147493,sell,0.010958999999999998,1409.2793489212368
1700000001482189369,buy,0.010959,29285.530766692456
1700000001482396604,buy,0.010959,9793.583778917011
1700000001483221986,buy,0.010958500000000001,5954.877606265606
1700000001483555785,buy,0.01096,738.6781049478545
1700000001483883277,sell,0.010958999999999998,1316.2361523121083
1700000001484143818,sell,0.0109585,1470.4220461711502
1700000001484271393,buy,0.0109595,1226.4792470889936
1700000001484744502,sell,0.010958999999999998,7242.335470505069
1700000001484796438,sell,0.010959999999999998,3258.8889148095977
1700000001484912471,buy,0.010959,3776.336566256699
1700000001484932236,sell,0.010959999999999998,6072.571593464353
1700000001485164933,buy,0.010959499999999999,2625.150382353975
1700000001485194305,buy,0.010960499999999998,1551.008851117596
1700000001485237700,buy,0.010960499999999998,33212.63384083138
1700000001485264616,buy,0.010959499999999999,24210.923833788038
1700000001485942722,buy,0.010961499999999999,6359.411267243272
1700000001486279487,sell,0.0109595,1300.686390274903
1700000001486367702,sell,0.0109595,10155.689854950993
1700000001486473469,buy,0.010961499999999999,2791.149988159711
1700000001486586042,sell,0.010959499999999999,2853.1761028763285
1700000001486727661,sell,0.010959499999999999,16644.164906070804
1700000001486914489,buy,0.0109605,5227.953307137827
1700000001486994834,sell,0.010960499999999998,9239.004228288764
1700000001487143245,sell,0.0109585,2480.915648486801
1700000001487281335,sell,0.0109585,51033.05868453234
1700000001487318788,buy,0.0109595,11376.43174235264
1700000001487528009,sell,0.010959,21231.858785491164
1700000001487529719,buy,0.010960999999999999,2529.6024326580214
1700000001488000849,buy,0.010960000000000001,3050.681433134722
1700000001488069835,buy,0.010961,6971.229973068513
1700000001488313438,buy,0.010960000000000001,11261.218840403104
1700000001488621564,sell,0.010958999999999998,2491.542052671028
1700000001488800199,sell,0.010958999999999998,1984.8661415984498
1700000001489152217,sell,0.010958999999999998,14680.412762112985
1700000001489371325,buy,0.01096,3637.303145049005
1700000001489413367,sell,0.010958999999999998,8449.325330917414
1700000001489612406,buy,0.010959,1227.8629977114106
1700000001489705252,sell,0.010958999999999998,38803.51656335881
1700000001490019157,sell,0.0109575,5444.601776373615
1700000001490032618,buy,0.0109585,2176.647619379607
1700000001491016530,buy,0.010957499999999998,13858.142059374379
1700000001491164195,buy,0.010957499999999998,2797.9375006818686
1700000001491172419,buy,0.010957499999999998,20941.339123591257
1700000001491376393,sell,0.0109565,2997.003744798541
1700000001491581741,buy,0.0109575,5781.563821048166
1700000001491718217,sell,0.0109565,5624.836385094813
1700000001492252493,sell,0.010956,4770.355551773709
1700000001492415647,buy,0.010957999999999999,10352.5888922531
1700000001492614442,buy,0.010956,2274.7266681148567
1700000001492715601,sell,0.010955999999999999,13213.63363330256
1700000001492746722,sell,0.010955999999999999,1211.824968271245
1700000001493007490,sell,0.010956,5874.609117072241
1700000001493018928,buy,0.010957999999999999,35214.58111381727
1700000001493164794,sell,0.010956,3438.0123027412383
1700000001493497184,buy,0.010957999999999999,2806.3220953343703
1700000001493667451,sell,0.010956,5449.998374572339
1700000001493946523,sell,0.010956,8598.76948286791
1700000001493984437,sell,0.010956,5246.572010640344
1700000001494494526,sell,0.010955,2355.176609204495
1700000001494778232,buy,0.0109565,7880.464674756488
1700000001495069953,sell,0.010955,725.504183027721
1700000001495172659,sell,0.010955,2485.078929743527
1700000001495216755,buy,0.010956,17367.011814932946
1700000001495306366,sell,0.010955,1099.6773302424858
1700000001495703453,sell,0.010954499999999999,10517.627566486104
1700000001496060010,sell,0.010953999999999998,3000.5107873497423
1700000001496108767,buy,0.010955,1047.6446249218081
1700000001496236650,sell,0.010953999999999998,10790.490730161526
1700000001496273865,sell,0.010954999999999998,17287.911689347507
1700000001496492431,sell,0.010954999999999998,4491.923811331322
1700000001496652805,buy,0.010955,250.05215796475537
1700000001496664297,sell,0.010953999999999998,7614.089843571374
1700000001496755109,buy,0.010955,9072.305777236113
1700000001496793560,sell,0.010953999999999998,6393.3490407250865
1700000001496936193,sell,0.010953999999999998,11599.704756636702
1700000001496945159,buy,0.010955,2645.5244428746128
1700000001497035830,sell,0.010953999999999998,6978.483232943465
1700000001497100212,sell,0.010953999999999998,1921.7632986299982
1700000001497356419,buy,0.010955,3762.4796310511906
1700000001497444347,buy,0.010955,3215.140001764165
1700000001498574898,sell,0.010953999999999998,7369.708907386807
1700000001498847975,sell,0.010953999999999998,4827.765815924634
1700000001499198902,buy,0.0109555,5750.460208758173
1700000001499361012,sell,0.0109535,3608.7940540232767
1700000001499529415,buy,0.010953,3751.040589276484
1700000001499654318,buy,0.010953999999999998,12330.352512440852
